ticker,as_of_date,today_volume,avg_volume_20d,h1_pct_change,h1_accuracy_within_2pct,h1_accuracy_within_5pct,h1_direction_accuracy,h1_calibrated_pct_change,h1_calibration_source,h5_pct_change,h5_accuracy_within_2pct,h5_accuracy_within_5pct,h5_direction_accuracy,h5_calibrated_pct_change,h5_calibration_source,h10_pct_change,h10_accuracy_within_2pct,h10_accuracy_within_5pct,h10_direction_accuracy,h10_calibrated_pct_change,h10_calibration_source,h20_pct_change,h20_accuracy_within_2pct,h20_accuracy_within_5pct,h20_direction_accuracy,h20_calibrated_pct_change,h20_calibration_source,current_price,ai_target_pct,entry_price,entry_basis,stop_loss_price,stop_loss_basis,exit_days_estimate,ai_t_price,ai_t_basis,t1_price,t1_basis,t2_price,t2_basis,target3_plus_price,target3_plus_basis,exit_price,exit_basis,target2_price,target2_basis
RGTU,2026-07-22,65169,120723,23.833,24.07,48.15,81.48,35.204,trained,23.2,7.41,12.96,48.15,,,44.234,0.0,5.66,43.4,,,43.833,1.96,7.84,43.14,,,11.83,35.204,11.01,nearest pivot/Square9 support below current price,10.44,second-nearest support below current price,,12.22,nearest real resistance to AI target (+35.2%),11.9,nearest remaining real resistance level,,,16.05,extended level (Fibonacci extension / multi-rotation Square9) beyond normal T1-T3 — needed because AI target (+35.2%) exceeds all standard resistance levels for this ticker,,,,
SKYQ,2026-07-22,2717313,15833340,9.195,4.49,25.84,72.73,24.039,trained,3.434,1.14,6.82,47.73,,,9.902,,,,,,-14.978,,,,,,4.09,24.039,3.65,nearest pivot/Square9 support below current price,3.22,second-nearest support below current price,,5.08,nearest real resistance to AI target (+24.0%),4.58,nearest remaining real resistance level,,,,,,,,
CUPR,2026-07-22,10268,2686993,5.44,25.0,51.56,75.81,21.182,trained,5.729,,,,,,7.738,1.59,12.7,55.56,,,8.061,,,,,,3.84,21.182,3.73,nearest pivot/Square9 support below current price,3.62,second-nearest support below current price,,4.1,nearest real resistance to AI target (+21.2%),3.97,nearest remaining real resistance level,,,4.62,extended level (Fibonacci extension / multi-rotation Square9) beyond normal T1-T3 — needed because AI target (+21.2%) exceeds all standard resistance levels for this ticker,,,,
PN,2026-07-22,3710,20635,8.15,34.29,52.86,86.96,18.283,trained,8.075,,,,,,5.855,,,,,,-3.628,7.58,13.64,43.08,,,4.3,18.283,3.81,nearest pivot/Square9 support below current price,3.6,second-nearest support below current price,,4.73,nearest real resistance to AI target (+18.3%),4.52,nearest remaining real resistance level,,,4.89,extended level (Fibonacci extension / multi-rotation Square9) beyond normal T1-T3 — needed because AI target (+18.3%) exceeds all standard resistance levels for this ticker,,,,
CLSK,2026-07-22,6570712,22635015,11.13,35.64,74.26,82.18,15.002,trained,4.624,14.0,32.0,79.0,23.726,trained,1.092,18.18,35.35,77.55,4.084,trained,-6.016,,,,,,15.45,15.002,14.8,nearest pivot/Square9 support below current price,14.22,second-nearest support below current price,,16.27,nearest real resistance to AI target (+15.0%),15.83,nearest remaining real resistance level,,,17.88,extended level (Fibonacci extension / multi-rotation Square9) beyond normal T1-T3 — needed because AI target (+15.0%) exceeds all standard resistance levels for this ticker,,,,
OIO,2026-07-22,68219,71530,6.154,25.74,68.32,80.81,14.055,trained,7.793,21.0,44.0,65.31,13.308,trained,2.308,15.15,33.33,60.61,3.536,trained,23.856,6.19,13.4,45.83,,,2.02,14.055,1.95,nearest pivot/Square9 support below current price,1.73,second-nearest support below current price,,2.29,nearest real resistance to AI target (+14.1%),2.41,nearest remaining real resistance level,,,,,,,,
BVC,2026-07-21,43600,13790,9.633,17.0,41.0,74.71,13.524,trained,14.525,4.0,7.0,69.0,7.312,trained,24.978,1.01,7.07,69.7,9.641,trained,37.535,0.0,1.03,70.83,9.628,trained,10.88,13.524,9.54,nearest pivot/Square9 support below current price,8.4,second-nearest support below current price,,12.33,nearest real resistance to AI target (+13.5%),13.98,nearest remaining real resistance level,,,,,,,,
SORA,2026-07-22,15627,25311,8.544,18.18,63.64,92.06,12.595,trained,0.768,10.77,32.31,66.15,1.17,trained,-1.55,12.5,26.56,58.06,-3.803,trained,-7.273,3.23,8.06,45.9,,,1.95,12.595,1.52,nearest pivot/Square9 support below current price,1.42,second-nearest support below current price,,2.08,nearest real resistance to AI target (+12.6%),1.98,nearest remaining real resistance level,,,2.28,extended level (Fibonacci extension / multi-rotation Square9) beyond normal T1-T3 — needed because AI target (+12.6%) exceeds all standard resistance levels for this ticker,,,,
AFJK,2026-07-22,6857,27612,7.75,14.85,34.65,80.0,12.48,trained,9.745,3.0,14.0,53.54,,,37.784,0.0,4.04,37.37,,,53.954,1.03,6.19,27.08,,,12.09,12.48,11.83,nearest pivot/Square9 support below current price,11.67,second-nearest support below current price,,12.33,nearest real resistance to AI target (+12.5%),12.17,nearest remaining real resistance level,,,13.83,extended level (Fibonacci extension / multi-rotation Square9) beyond normal T1-T3 — needed because AI target (+12.5%) exceeds all standard resistance levels for this ticker,,,,
IOTR,2026-07-22,2408,1665635,5.777,23.44,59.38,82.54,11.588,trained,6.981,7.81,26.56,56.25,28.947,trained,0.292,14.29,30.16,68.25,0.893,trained,-0.695,,,,,,3.28,11.588,3.15,nearest pivot/Square9 support below current price,2.88,second-nearest support below current price,,3.7,nearest real resistance to AI target (+11.6%),3.98,nearest remaining real resistance level,,,,,,,,
RIOX,2026-07-22,96403,145865,8.283,17.95,52.56,82.05,11.563,trained,8.271,3.9,15.58,62.34,33.757,trained,9.817,7.89,17.11,69.74,43.614,trained,13.0,2.7,9.46,77.03,104.523,trained,38.89,11.563,30.66,nearest pivot/Square9 support below current price,27.63,second-nearest support below current price,,40.36,nearest real resistance to AI target (+11.6%),,,,,40.85,extended level (Fibonacci extension / multi-rotation Square9) beyond normal T1-T3 — needed because AI target (+11.6%) exceeds all standard resistance levels for this ticker,,,,
ADVB,2026-07-22,10088973,3387503,6.293,21.74,57.97,83.58,11.099,trained,3.774,17.39,26.09,65.22,24.582,trained,-11.06,10.29,19.12,83.82,-19.33,trained,-24.686,,,,,,10.2,11.099,5.99,nearest pivot/Square9 support below current price,4.89,second-nearest support below current price,,11.09,nearest real resistance to AI target (+11.1%),,,,,11.32,extended level (Fibonacci extension / multi-rotation Square9) beyond normal T1-T3 — needed because AI target (+11.1%) exceeds all standard resistance levels for this ticker,,,,
MIMI,2026-07-22,58773,5189933,6.198,25.97,58.44,80.0,10.808,trained,8.373,10.53,27.63,56.58,37.781,trained,0.541,6.67,17.33,60.0,2.81,trained,-0.3,5.48,16.44,65.75,,,2.2,10.808,2.03,nearest pivot/Square9 support below current price,1.9,second-nearest support below current price,,2.42,nearest real resistance to AI target (+10.8%),2.29,nearest remaining real resistance level,,,3.2,extended level (Fibonacci extension / multi-rotation Square9) beyond normal T1-T3 — needed because AI target (+10.8%) exceeds all standard resistance levels for this ticker,,,,
FATN,2026-07-22,40116,86015,7.069,29.23,64.62,92.31,10.519,trained,7.68,12.5,25.0,48.44,,,3.439,4.76,11.11,63.49,,,-7.649,,,,,,4.88,10.519,4.31,nearest pivot/Square9 support below current price,4.13,second-nearest support below current price,,5.27,nearest real resistance to AI target (+10.5%),5.09,nearest remaining real resistance level,,,5.22,extended level (Fibonacci extension / multi-rotation Square9) beyond normal T1-T3 — needed because AI target (+10.5%) exceeds all standard resistance levels for this ticker,,,,
FBYD,2026-07-22,12080,236289,6.135,25.74,53.47,89.9,9.799,trained,11.483,9.0,27.0,73.0,47.254,trained,1.209,7.07,12.12,73.74,6.863,trained,14.03,1.03,5.15,81.44,91.764,trained,10.01,9.799,9.92,nearest pivot/Square9 support below current price,9.38,second-nearest support below current price,,11.07,nearest real resistance to AI target (+9.8%),11.61,nearest remaining real resistance level,,,,,,,,
FGI,2026-07-22,4494,30004,5.502,27.72,64.36,87.0,9.672,trained,7.101,11.0,21.0,60.0,28.204,trained,12.684,7.07,17.17,52.53,,,15.701,3.09,6.19,42.27,,,4.64,9.672,4.25,nearest pivot/Square9 support below current price,3.95,second-nearest support below current price,,4.96,nearest real resistance to AI target (+9.7%),4.76,nearest remaining real resistance level,,,5.3,extended level (Fibonacci extension / multi-rotation Square9) beyond normal T1-T3 — needed because AI target (+9.7%) exceeds all standard resistance levels for this ticker,,,,
ANNA,2026-07-22,174657,307707,5.12,26.73,50.5,81.44,9.47,trained,5.507,10.0,20.0,61.22,37.347,trained,5.94,3.03,18.18,53.54,,,5.491,4.12,14.43,45.36,,,3.73,9.47,3.52,nearest pivot/Square9 support below current price,3.42,second-nearest support below current price,,3.88,nearest real resistance to AI target (+9.5%),3.78,nearest remaining real resistance level,,,4.02,extended level (Fibonacci extension / multi-rotation Square9) beyond normal T1-T3 — needed because AI target (+9.5%) exceeds all standard resistance levels for this ticker,,,,
BMGL,2026-07-22,1149,39177,5.838,28.17,61.97,75.0,9.142,trained,5.194,11.43,38.57,53.62,,,1.649,20.29,37.68,68.12,4.034,trained,-0.512,17.91,34.33,51.52,,,5.78,9.142,5.55,nearest pivot/Square9 support below current price,5.16,second-nearest support below current price,,6.4,nearest real resistance to AI target (+9.1%),6.17,nearest remaining real resistance level,,,,,,,,
LVWR,2026-07-22,154930,842766,5.234,34.65,65.35,87.76,8.99,trained,5.68,13.0,27.0,58.59,10.305,trained,6.272,2.02,9.09,40.4,,,9.443,4.12,10.31,30.93,,,0.88,8.99,0.75,nearest pivot/Square9 support below current price,0.65,second-nearest support below current price,,0.94,nearest real resistance to AI target (+9.0%),1.03,nearest remaining real resistance level,,,,,,,,
ATOM,2026-07-22,149388,813694,5.171,24.75,55.45,72.0,8.339,trained,4.022,8.0,16.0,56.0,12.701,trained,2.028,2.02,8.08,47.96,,,5.796,,,,,,6.11,8.339,5.66,nearest pivot/Square9 support below current price,5.46,second-nearest support below current price,,6.3,nearest real resistance to AI target (+8.3%),,,,,7.01,extended level (Fibonacci extension / multi-rotation Square9) beyond normal T1-T3 — needed because AI target (+8.3%) exceeds all standard resistance levels for this ticker,,,,
ATGL,2026-07-22,838,1101,6.243,14.85,31.68,62.82,8.306,trained,15.759,3.0,18.0,51.04,,,9.073,3.03,5.05,39.58,,,29.622,2.06,3.09,35.42,,,10.1,8.306,9.08,nearest pivot/Square9 support below current price,7.42,second-nearest support below current price,,12.32,nearest real resistance to AI target (+8.3%),13.9,nearest remaining real resistance level,,,,,,,,
HTLM,2026-07-22,7666,11743,3.214,37.36,72.53,71.08,7.821,trained,3.743,21.11,46.67,67.78,7.587,trained,4.533,11.24,35.96,62.5,9.277,trained,4.458,16.09,41.38,63.95,8.605,trained,1.88,7.821,1.76,nearest pivot/Square9 support below current price,1.67,second-nearest support below current price,,2.05,nearest real resistance to AI target (+7.8%),1.95,nearest remaining real resistance level,,,,,,,,
QXL,2026-07-22,12138,67746,5.27,31.68,75.25,90.82,7.736,trained,6.604,18.0,43.0,82.83,19.524,trained,8.213,14.14,27.27,83.67,36.384,trained,9.978,4.12,12.37,21.88,,,4.78,7.736,4.64,nearest pivot/Square9 support below current price,4.47,second-nearest support below current price,,5.06,nearest real resistance to AI target (+7.7%),5.31,nearest remaining real resistance level,,,,,,,,
ANRO,2026-07-22,38118,790005,6.929,44.55,86.14,88.0,7.684,trained,9.729,11.0,34.0,67.0,20.805,trained,11.94,11.11,25.25,60.61,28.926,trained,90.774,9.28,17.53,74.23,204.713,trained,27.21,7.684,26.2,nearest pivot/Square9 support below current price,25.33,second-nearest support below current price,,28.33,nearest real resistance to AI target (+7.7%),27.7,nearest remaining real resistance level,,,28.57,extended level (Fibonacci extension / multi-rotation Square9) beyond normal T1-T3 — needed because AI target (+7.7%) exceeds all standard resistance levels for this ticker,,,,
ALMU,2026-07-22,108347,558587,5.341,28.71,60.4,78.22,7.631,trained,20.415,4.0,19.0,54.0,,,6.152,2.02,13.13,50.51,,,14.419,,,,,,16.44,7.631,15.45,nearest pivot/Square9 support below current price,14.49,second-nearest support below current price,,17.43,nearest real resistance to AI target (+7.6%),16.92,nearest remaining real resistance level,,,18.75,extended level (Fibonacci extension / multi-rotation Square9) beyond normal T1-T3 — needed because AI target (+7.6%) exceeds all standard resistance levels for this ticker,,,,
INTJ,2026-07-22,20431,99436,5.386,24.75,63.37,73.26,7.612,trained,3.76,17.0,39.0,54.0,,,3.059,16.16,32.32,48.48,,,8.867,7.22,16.49,54.64,,,3.4,7.612,3.18,nearest pivot/Square9 support below current price,3.01,second-nearest support below current price,,3.68,nearest real resistance to AI target (+7.6%),3.52,nearest remaining real resistance level,,,,,,,,
NVTS,2026-07-22,4251074,16357143,5.423,22.77,53.47,80.2,7.514,trained,6.058,3.0,16.0,36.0,,,8.907,3.03,17.17,60.61,37.309,trained,13.792,4.12,9.28,68.04,56.05,trained,13.08,7.514,12.23,nearest pivot/Square9 support below current price,11.63,second-nearest support below current price,,13.45,nearest real resistance to AI target (+7.5%),13.14,nearest remaining real resistance level,,,14.54,extended level (Fibonacci extension / multi-rotation Square9) beyond normal T1-T3 — needed because AI target (+7.5%) exceeds all standard resistance levels for this ticker,,,,
WTF,2026-07-21,2700,11690,5.167,33.33,72.73,93.75,7.507,trained,5.259,18.46,33.85,70.77,11.35,trained,9.179,9.38,28.12,56.25,33.115,trained,19.606,11.29,25.81,54.1,,,2.97,7.507,2.7,nearest pivot/Square9 support below current price,2.6,second-nearest support below current price,,3.2,nearest real resistance to AI target (+7.5%),3.0,nearest remaining real resistance level,,,,,,,,
ARBB,2026-07-21,4000,2400,6.899,42.0,72.0,73.4,7.355,trained,6.033,22.0,35.0,63.27,6.132,trained,7.65,11.11,25.25,53.54,,,10.332,1.03,3.09,46.88,,,4.21,7.355,4.15,nearest pivot/Square9 support below current price,4.06,second-nearest support below current price,,4.56,nearest real resistance to AI target (+7.4%),4.4,nearest remaining real resistance level,,,,,,,,
KBSX,2026-07-22,4654,11577,3.651,49.5,85.15,84.34,7.276,trained,1.437,20.0,37.0,61.22,6.186,trained,-0.401,14.14,37.37,41.67,,,-4.431,6.19,13.4,42.71,,,0.9,7.276,0.9,nearest pivot/Square9 support below current price,0.89,second-nearest support below current price,,0.97,nearest real resistance to AI target (+7.3%),0.96,nearest remaining real resistance level,,,,,,,,
VOYG,2026-07-22,151355,1832157,4.113,28.57,66.07,78.57,7.226,trained,1.186,10.91,20.0,58.18,6.837,trained,-2.961,5.56,9.26,46.3,,,-1.27,3.85,7.69,51.92,,,27.12,7.226,25.54,nearest pivot/Square9 support below current price,24.14,second-nearest support below current price,,28.65,nearest real resistance to AI target (+7.2%),27.8,nearest remaining real resistance level,,,33.44,extended level (Fibonacci extension / multi-rotation Square9) beyond normal T1-T3 — needed because AI target (+7.2%) exceeds all standard resistance levels for this ticker,,,,
RDW,2026-07-22,4171018,19293270,4.827,28.71,61.39,79.21,7.224,trained,8.304,14.0,24.0,69.7,25.089,trained,10.468,10.1,19.19,72.45,33.338,trained,21.647,2.06,18.56,63.92,73.431,trained,9.37,7.224,8.88,nearest pivot/Square9 support below current price,8.33,second-nearest support below current price,,10.08,nearest real resistance to AI target (+7.2%),9.75,nearest remaining real resistance level,,,,,,,,
ARTV,2026-07-22,101582,469039,5.446,24.75,74.26,94.06,7.143,trained,7.002,13.0,34.0,71.0,25.091,trained,8.697,6.06,22.22,70.41,43.281,trained,6.102,3.09,8.25,58.76,50.696,trained,9.86,7.143,9.34,nearest pivot/Square9 support below current price,8.69,second-nearest support below current price,,10.72,nearest real resistance to AI target (+7.1%),10.36,nearest remaining real resistance level,,,,,,,,
SHMD,2026-07-22,48047,641757,5.957,23.76,63.37,84.0,6.978,trained,9.438,13.0,27.0,59.6,15.815,trained,8.308,5.05,18.18,53.54,,,6.261,2.06,6.19,41.24,,,4.43,6.978,4.25,nearest pivot/Square9 support below current price,4.08,second-nearest support below current price,,4.72,nearest real resistance to AI target (+7.0%),4.57,nearest remaining real resistance level,,,5.34,extended level (Fibonacci extension / multi-rotation Square9) beyond normal T1-T3 — needed because AI target (+7.0%) exceeds all standard resistance levels for this ticker,,,,
RAIN,2026-07-22,3925,35791,6.207,24.36,56.41,89.47,6.888,trained,7.273,7.79,23.38,53.25,,,6.415,7.89,14.47,39.47,,,10.266,5.41,13.51,35.14,,,1.63,6.888,1.5,nearest pivot/Square9 support below current price,1.39,second-nearest support below current price,,1.8,nearest real resistance to AI target (+6.9%),1.99,nearest remaining real resistance level,,,,,,,,
INV,2026-07-22,284298,1931284,4.972,32.67,74.26,89.11,6.866,trained,4.196,8.0,22.0,64.29,19.496,trained,18.221,13.13,22.22,66.67,108.868,trained,32.125,6.19,12.37,64.95,507.549,trained,3.52,6.866,3.3,nearest pivot/Square9 support below current price,3.05,second-nearest support below current price,,3.71,nearest real resistance to AI target (+6.9%),3.87,nearest remaining real resistance level,,,,,,,,
SUPX,2026-07-22,25839,159576,5.319,28.71,72.28,90.0,6.846,trained,6.766,11.0,22.0,60.61,10.989,trained,9.219,3.03,9.09,39.8,,,11.741,8.25,13.4,42.27,,,7.7,6.846,7.25,nearest pivot/Square9 support below current price,7.11,second-nearest support below current price,,7.98,nearest real resistance to AI target (+6.8%),7.84,nearest remaining real resistance level,,,8.28,extended level (Fibonacci extension / multi-rotation Square9) beyond normal T1-T3 — needed because AI target (+6.8%) exceeds all standard resistance levels for this ticker,,,,
MKDW,2026-07-22,543,7717,4.563,30.69,71.29,90.72,6.833,trained,6.343,28.0,46.0,78.79,71.162,trained,6.289,13.13,28.28,17.35,,,6.615,,,,,,11.9,6.833,11.7,nearest pivot/Square9 support below current price,11.59,second-nearest support below current price,,12.09,nearest real resistance to AI target (+6.8%),11.95,nearest remaining real resistance level,,,12.8,extended level (Fibonacci extension / multi-rotation Square9) beyond normal T1-T3 — needed because AI target (+6.8%) exceeds all standard resistance levels for this ticker,,,,
SUIG,2026-07-22,154322,292806,4.109,34.65,79.21,82.11,6.809,trained,2.945,17.0,38.0,51.55,,,9.446,10.1,27.27,44.9,,,23.066,11.34,24.74,76.04,61.988,trained,1.13,6.809,1.09,nearest pivot/Square9 support below current price,1.05,second-nearest support below current price,,1.21,nearest real resistance to AI target (+6.8%),1.29,nearest remaining real resistance level,,,,,,,,
LXEO,2026-07-22,201069,837623,7.522,43.56,86.14,90.91,6.803,trained,4.992,13.0,33.0,58.59,7.147,trained,4.794,7.07,15.15,53.54,,,4.313,5.15,20.62,40.21,,,4.78,6.803,4.54,nearest pivot/Square9 support below current price,4.43,second-nearest support below current price,,4.95,nearest real resistance to AI target (+6.8%),4.84,nearest remaining real resistance level,,,5.07,extended level (Fibonacci extension / multi-rotation Square9) beyond normal T1-T3 — needed because AI target (+6.8%) exceeds all standard resistance levels for this ticker,,,,
ALOY,2026-07-22,587138,2576301,6.099,17.82,53.47,80.0,6.775,trained,8.948,3.0,13.0,50.51,,,17.917,6.06,12.12,50.51,,,37.563,4.12,12.37,53.61,,,8.6,6.775,8.25,nearest pivot/Square9 support below current price,7.93,second-nearest support below current price,,9.31,nearest real resistance to AI target (+6.8%),9.63,nearest remaining real resistance level,,,,,,,,
ALAB,2026-07-22,696986,4709704,3.919,32.67,69.31,82.18,6.77,trained,6.141,19.0,29.0,74.0,21.63,trained,9.176,10.1,22.22,72.45,35.489,trained,16.621,8.25,17.53,63.92,62.554,trained,334.86,6.77,312.02,nearest pivot/Square9 support below current price,304.24,second-nearest support below current price,,346.78,nearest real resistance to AI target (+6.8%),339.0,nearest remaining real resistance level,,,420.11,extended level (Fibonacci extension / multi-rotation Square9) beyond normal T1-T3 — needed because AI target (+6.8%) exceeds all standard resistance levels for this ticker,,,,
SILO,2026-07-22,5412,416630,4.391,37.62,69.31,78.79,6.683,trained,5.0,13.0,38.0,60.2,21.095,trained,3.111,7.07,19.19,67.35,17.911,trained,2.557,13.4,22.68,70.83,,,4.65,6.683,4.53,nearest pivot/Square9 support below current price,4.35,second-nearest support below current price,,5.03,nearest real resistance to AI target (+6.7%),4.87,nearest remaining real resistance level,,,,,,,,
CVKD,2026-07-22,4628,93081,6.021,37.62,77.23,96.0,6.628,trained,5.148,9.0,18.0,47.96,,,5.473,6.06,12.12,39.39,,,4.73,3.09,7.22,36.08,,,2.17,6.628,2.05,nearest pivot/Square9 support below current price,1.93,second-nearest support below current price,,2.34,nearest real resistance to AI target (+6.6%),2.5,nearest remaining real resistance level,,,,,,,,
BNC,2026-07-22,24216,487590,3.989,32.67,77.23,86.6,6.618,trained,6.209,18.0,42.0,64.65,14.351,trained,1.05,7.07,17.17,54.08,,,5.699,6.19,14.43,50.52,,,3.03,6.618,2.92,nearest pivot/Square9 support below current price,2.82,second-nearest support below current price,,3.21,nearest real resistance to AI target (+6.6%),3.12,nearest remaining real resistance level,,,3.23,extended level (Fibonacci extension / multi-rotation Square9) beyond normal T1-T3 — needed because AI target (+6.6%) exceeds all standard resistance levels for this ticker,,,,
AARD,2026-07-22,27266,510023,5.078,33.33,83.33,91.55,6.595,trained,5.793,9.86,25.35,66.2,21.996,trained,9.871,8.57,20.0,70.0,67.31,trained,13.802,2.94,4.41,61.76,93.44,trained,6.12,6.595,5.59,nearest pivot/Square9 support below current price,5.09,second-nearest support below current price,,6.59,nearest real resistance to AI target (+6.6%),6.34,nearest remaining real resistance level,,,,,,,,
ZJK,2026-07-22,1746,12887,5.494,23.08,64.84,91.57,6.566,trained,4.05,18.89,38.89,69.32,6.299,trained,5.448,6.74,20.22,64.77,5.173,trained,10.073,3.45,18.39,75.86,24.342,trained,2.14,6.566,1.82,nearest pivot/Square9 support below current price,1.67,second-nearest support below current price,,2.25,nearest real resistance to AI target (+6.6%),2.4,nearest remaining real resistance level,,,,,,,,
BTDR,2026-07-22,1169804,9000095,4.953,30.69,65.35,83.17,6.555,trained,2.471,20.0,41.0,75.0,4.862,trained,-6.337,7.07,25.25,83.84,-13.148,trained,-7.037,6.19,11.34,72.16,-19.067,trained,12.69,6.555,11.81,nearest pivot/Square9 support below current price,11.15,second-nearest support below current price,,13.49,nearest real resistance to AI target (+6.6%),12.98,nearest remaining real resistance level,,,13.73,extended level (Fibonacci extension / multi-rotation Square9) beyond normal T1-T3 — needed because AI target (+6.6%) exceeds all standard resistance levels for this ticker,,,,
NBIS,2026-07-22,7040595,17575714,4.373,39.77,68.18,86.36,6.552,trained,6.843,10.34,26.44,68.97,15.862,trained,12.254,5.81,12.79,61.63,57.69,trained,12.987,9.52,13.1,85.71,44.15,trained,222.56,6.552,200.15,nearest pivot/Square9 support below current price,183.39,second-nearest support below current price,,234.39,nearest real resistance to AI target (+6.6%),225.65,nearest remaining real resistance level,,,247.23,extended level (Fibonacci extension / multi-rotation Square9) beyond normal T1-T3 — needed because AI target (+6.6%) exceeds all standard resistance levels for this ticker,,,,
ROBN,2026-07-22,131951,814062,3.914,28.38,55.41,81.08,6.507,trained,3.522,1.37,16.44,61.64,10.229,trained,5.035,4.17,11.11,69.44,13.668,trained,-1.321,10.0,18.57,78.57,-1.038,trained,32.03,6.507,30.93,nearest pivot/Square9 support below current price,29.27,second-nearest support below current price,,33.95,nearest real resistance to AI target (+6.5%),35.32,nearest remaining real resistance level,,,,,,,,
FOXX,2026-07-22,785,31089,6.941,23.76,57.43,80.65,6.387,trained,4.118,10.0,21.0,43.0,,,4.587,9.09,19.19,53.54,,,5.583,,,,,,2.88,6.387,2.72,nearest pivot/Square9 support below current price,2.64,second-nearest support below current price,,3.01,nearest real resistance to AI target (+6.4%),2.91,nearest remaining real resistance level,,,3.06,extended level (Fibonacci extension / multi-rotation Square9) beyond normal T1-T3 — needed because AI target (+6.4%) exceeds all standard resistance levels for this ticker,,,,
AEVA,2026-07-22,269785,1941739,4.543,32.67,66.34,86.14,6.343,trained,7.25,10.0,26.0,66.0,15.821,trained,10.974,10.1,26.26,65.66,22.471,trained,14.704,7.22,20.62,72.16,27.057,trained,17.35,6.343,16.8,nearest pivot/Square9 support below current price,15.9,second-nearest support below current price,,18.21,nearest real resistance to AI target (+6.3%),18.73,nearest remaining real resistance level,,,,,,,,
PDC,2026-07-22,164077,125668,6.485,24.75,62.38,93.0,6.326,trained,8.869,8.0,20.0,68.0,11.089,trained,2.745,5.05,15.15,58.16,4.776,trained,3.884,5.15,14.43,59.79,7.96,trained,4.32,6.326,3.38,nearest pivot/Square9 support below current price,2.78,second-nearest support below current price,,4.43,nearest real resistance to AI target (+6.3%),4.88,nearest remaining real resistance level,,,,,,,,
NTHI,2026-07-22,18369,69608,6.038,13.43,77.61,96.88,6.293,trained,5.597,7.58,22.73,51.52,,,5.21,4.62,12.31,41.54,,,5.127,,,,,,3.6,6.293,3.22,nearest pivot/Square9 support below current price,3.07,second-nearest support below current price,,3.78,nearest real resistance to AI target (+6.3%),3.63,nearest remaining real resistance level,,,3.83,extended level (Fibonacci extension / multi-rotation Square9) beyond normal T1-T3 — needed because AI target (+6.3%) exceeds all standard resistance levels for this ticker,,,,
ZOOZ,2026-07-21,4600,10680,4.185,37.0,79.0,83.33,6.101,trained,3.531,19.0,55.0,64.95,4.813,trained,2.853,17.17,37.37,48.45,,,0.733,16.49,34.02,36.46,,,5.29,6.101,4.97,nearest pivot/Square9 support below current price,,no second support level identified,,5.82,nearest real resistance to AI target (+6.1%),,,,,,,,,,
CCCC,2026-07-22,562775,4226713,4.522,35.64,84.16,93.0,6.099,trained,4.841,18.0,41.0,73.0,16.084,trained,5.266,7.07,26.26,73.47,30.893,trained,5.449,,,,,,3.75,6.099,3.64,nearest pivot/Square9 support below current price,3.45,second-nearest support below current price,,3.96,nearest real resistance to AI target (+6.1%),4.1,nearest remaining real resistance level,,,,,,,,
HIVE,2026-07-22,4059861,22089278,3.713,26.73,68.32,82.0,5.957,trained,6.086,11.0,27.0,65.0,21.777,trained,1.398,14.14,22.22,64.29,6.846,trained,3.881,6.19,19.59,81.44,21.274,trained,3.26,5.957,3.14,nearest pivot/Square9 support below current price,3.05,second-nearest support below current price,,3.37,nearest real resistance to AI target (+6.0%),3.3,nearest remaining real resistance level,,,3.55,extended level (Fibonacci extension / multi-rotation Square9) beyond normal T1-T3 — needed because AI target (+6.0%) exceeds all standard resistance levels for this ticker,,,,
ETHD,2026-07-22,71367,255473,3.778,24.75,56.44,68.32,5.944,trained,-2.591,12.0,25.0,51.0,,,-2.926,7.07,15.15,57.58,-4.308,trained,12.158,6.19,9.28,53.61,,,57.5,5.944,56.64,nearest pivot/Square9 support below current price,55.74,second-nearest support below current price,,60.54,nearest real resistance to AI target (+5.9%),59.64,nearest remaining real resistance level,,,69.33,extended level (Fibonacci extension / multi-rotation Square9) beyond normal T1-T3 — needed because AI target (+5.9%) exceeds all standard resistance levels for this ticker,,,,
SHIM,2026-07-22,3597,109334,4.288,40.59,80.2,93.88,5.943,trained,5.436,16.0,38.0,68.69,13.866,trained,5.508,13.13,31.31,63.64,18.411,trained,7.667,9.28,15.46,50.52,,,3.76,5.943,3.69,nearest pivot/Square9 support below current price,3.53,second-nearest support below current price,,3.94,nearest real resistance to AI target (+5.9%),4.03,nearest remaining real resistance level,,,,,,,,
FLNC,2026-07-22,3109336,8095346,3.753,29.7,73.27,84.16,5.914,trained,1.011,18.0,32.0,48.0,,,6.469,9.09,18.18,43.43,,,10.904,3.09,6.19,37.11,,,15.16,5.914,14.87,nearest pivot/Square9 support below current price,14.46,second-nearest support below current price,,15.89,nearest real resistance to AI target (+5.9%),15.58,nearest remaining real resistance level,,,16.97,extended level (Fibonacci extension / multi-rotation Square9) beyond normal T1-T3 — needed because AI target (+5.9%) exceeds all standard resistance levels for this ticker,,,,
KC,2026-07-22,149983,1415694,3.653,25.74,71.29,60.4,5.86,trained,5.007,9.0,28.0,52.0,,,7.838,6.06,19.19,55.56,12.475,trained,12.632,8.25,22.68,49.48,,,9.8,5.86,9.64,nearest pivot/Square9 support below current price,,no second support level identified,,10.36,nearest real resistance to AI target (+5.9%),10.2,nearest remaining real resistance level,,,10.87,extended level (Fibonacci extension / multi-rotation Square9) beyond normal T1-T3 — needed because AI target (+5.9%) exceeds all standard resistance levels for this ticker,,,,
NBTX,2026-07-22,14084,110364,3.905,26.73,66.34,73.74,5.787,trained,6.145,12.0,31.0,62.0,13.008,trained,-4.016,15.15,27.27,68.69,-7.939,trained,15.518,10.31,20.62,71.13,26.141,trained,39.65,5.787,37.25,nearest pivot/Square9 support below current price,35.07,second-nearest support below current price,,42.01,nearest real resistance to AI target (+5.8%),40.72,nearest remaining real resistance level,,,,,,,,
HTCR,2026-07-22,548,34662,5.027,26.73,68.32,83.67,5.666,trained,4.951,13.0,37.0,55.67,9.518,trained,5.185,13.13,26.26,45.45,,,3.589,10.31,21.65,43.3,,,2.49,5.666,2.43,nearest pivot/Square9 support below current price,2.4,second-nearest support below current price,,2.58,nearest real resistance to AI target (+5.7%),2.52,nearest remaining real resistance level,,,3.47,extended level (Fibonacci extension / multi-rotation Square9) beyond normal T1-T3 — needed because AI target (+5.7%) exceeds all standard resistance levels for this ticker,,,,
WAVE,2026-07-22,1691,171604,4.265,41.58,74.26,91.75,5.593,trained,5.701,13.0,42.0,80.81,10.794,trained,10.167,7.07,24.24,77.78,20.716,trained,13.469,14.43,22.68,87.63,26.691,trained,8.69,5.593,8.16,nearest pivot/Square9 support below current price,8.06,second-nearest support below current price,,8.7,nearest real resistance to AI target (+5.6%),,,,,9.27,extended level (Fibonacci extension / multi-rotation Square9) beyond normal T1-T3 — needed because AI target (+5.6%) exceeds all standard resistance levels for this ticker,,,,
CAMP,2026-07-22,16520,348541,6.908,35.96,82.02,97.73,5.563,trained,2.464,20.45,44.32,76.14,2.066,trained,-0.396,17.24,36.78,68.97,-0.403,trained,8.226,8.24,25.88,67.86,3.738,trained,3.13,5.563,3.08,nearest pivot/Square9 support below current price,2.96,second-nearest support below current price,,3.38,nearest real resistance to AI target (+5.6%),3.56,nearest remaining real resistance level,,,,,,,,
PRME,2026-07-22,439232,4366281,6.012,30.69,80.2,90.62,5.513,trained,7.63,15.0,35.0,63.0,14.269,trained,5.769,8.08,18.18,51.02,,,19.293,10.31,25.77,59.79,37.748,trained,3.12,5.513,2.98,nearest pivot/Square9 support below current price,2.85,second-nearest support below current price,,3.29,nearest real resistance to AI target (+5.5%),3.2,nearest remaining real resistance level,,,5.33,extended level (Fibonacci extension / multi-rotation Square9) beyond normal T1-T3 — needed because AI target (+5.5%) exceeds all standard resistance levels for this ticker,,,,
ETHU,2026-07-22,1763217,5740830,3.764,18.81,55.45,64.65,5.509,trained,3.308,10.0,26.0,56.0,9.349,trained,12.788,11.11,22.22,51.52,,,6.824,6.19,16.49,54.64,,,17.0,5.509,16.46,nearest pivot/Square9 support below current price,16.24,second-nearest support below current price,,17.5,nearest real resistance to AI target (+5.5%),17.28,nearest remaining real resistance level,,,17.76,extended level (Fibonacci extension / multi-rotation Square9) beyond normal T1-T3 — needed because AI target (+5.5%) exceeds all standard resistance levels for this ticker,,,,
CRCL,2026-07-22,3427264,14904043,3.671,24.56,71.93,70.18,5.504,trained,4.626,16.07,30.36,46.43,,,4.494,16.36,21.82,52.73,,,-3.139,0.0,0.0,39.62,,,68.01,5.504,66.77,nearest pivot/Square9 support below current price,64.89,second-nearest support below current price,,72.96,nearest real resistance to AI target (+5.5%),74.83,nearest remaining real resistance level,,,,,,,,
LUNR,2026-07-22,2715789,10489349,4.335,27.72,68.32,85.15,5.498,trained,7.367,10.0,23.0,60.0,15.413,trained,9.337,5.05,15.15,58.59,22.391,trained,19.47,5.15,14.43,67.01,69.026,trained,14.49,5.498,14.02,nearest pivot/Square9 support below current price,13.39,second-nearest support below current price,,15.08,nearest real resistance to AI target (+5.5%),15.51,nearest remaining real resistance level,,,,,,,,
PODC,2026-07-22,6533,86486,4.399,38.61,80.2,92.39,5.49,trained,6.415,13.0,38.0,70.41,16.154,trained,7.788,13.13,32.32,68.69,22.004,trained,9.184,9.28,21.65,58.95,40.866,trained,3.86,5.49,3.66,nearest pivot/Square9 support below current price,3.43,second-nearest support below current price,,4.17,nearest real resistance to AI target (+5.5%),4.45,nearest remaining real resistance level,,,,,,,,
LSE,2026-07-22,1971,5278,4.52,27.85,70.89,88.16,5.379,trained,5.456,12.66,50.63,71.79,6.976,trained,5.022,12.82,38.46,66.67,5.436,trained,4.394,14.47,39.47,64.47,3.376,trained,4.22,5.379,4.09,nearest pivot/Square9 support below current price,3.92,second-nearest support below current price,,4.54,nearest real resistance to AI target (+5.4%),4.71,nearest remaining real resistance level,,,,,,,,
CLYM,2026-07-22,84984,1546939,5.101,43.56,88.12,95.0,5.367,trained,13.207,18.0,48.0,79.0,26.888,trained,18.019,12.12,31.31,81.82,47.757,trained,17.865,6.19,16.49,89.69,100.188,trained,12.8,5.367,12.52,nearest pivot/Square9 support below current price,11.94,second-nearest support below current price,,13.44,nearest real resistance to AI target (+5.4%),13.78,nearest remaining real resistance level,,,,,,,,
RAY,2026-07-21,15700,6215,5.11,22.0,61.0,79.79,5.356,trained,6.288,10.0,28.0,50.51,,,7.142,5.05,16.16,37.37,,,19.784,5.15,12.37,38.54,,,3.01,5.356,2.97,nearest pivot/Square9 support below current price,2.95,second-nearest support below current price,,3.01,nearest real resistance to AI target (+5.4%),,,,,3.27,extended level (Fibonacci extension / multi-rotation Square9) beyond normal T1-T3 — needed because AI target (+5.4%) exceeds all standard resistance levels for this ticker,,,,
BTBD,2026-07-22,504,24645,4.619,24.75,68.32,84.54,5.349,trained,6.566,18.0,48.0,60.2,16.831,trained,9.166,13.13,30.3,62.5,18.973,trained,15.808,7.22,22.68,58.95,68.191,trained,1.09,5.349,1.08,nearest pivot/Square9 support below current price,1.06,second-nearest support below current price,,1.14,nearest real resistance to AI target (+5.3%),1.16,nearest remaining real resistance level,,,,,,,,
AIRO,2026-07-22,144008,455850,3.843,44.64,80.36,90.57,5.303,trained,4.024,16.36,30.91,54.55,,,0.143,11.11,22.22,61.11,,,-4.655,3.85,17.31,58.82,-17.677,trained,7.49,5.303,6.73,nearest pivot/Square9 support below current price,6.39,second-nearest support below current price,,7.87,nearest real resistance to AI target (+5.3%),7.53,nearest remaining real resistance level,,,7.68,extended level (Fibonacci extension / multi-rotation Square9) beyond normal T1-T3 — needed because AI target (+5.3%) exceeds all standard resistance levels for this ticker,,,,
BULL,2026-07-22,3154241,9984587,2.813,49.5,85.15,81.19,5.272,trained,3.365,20.0,53.0,64.65,9.328,trained,5.611,11.11,32.32,59.18,23.447,trained,4.53,5.15,16.49,36.08,,,8.1,5.272,7.86,nearest pivot/Square9 support below current price,7.58,second-nearest support below current price,,8.54,nearest real resistance to AI target (+5.3%),8.34,nearest remaining real resistance level,,,,,,,,
TSSI,2026-07-22,200570,800613,4.626,26.73,70.3,82.0,5.239,trained,-1.515,16.0,32.0,62.0,-2.751,trained,2.294,7.07,21.21,66.67,3.825,trained,41.868,6.19,19.59,61.86,61.316,trained,10.34,5.239,9.48,nearest pivot/Square9 support below current price,9.14,second-nearest support below current price,,10.54,nearest real resistance to AI target (+5.2%),,,,,12.5,extended level (Fibonacci extension / multi-rotation Square9) beyond normal T1-T3 — needed because AI target (+5.2%) exceeds all standard resistance levels for this ticker,,,,
ETHT,2026-07-22,492135,1850561,3.646,17.82,54.46,66.34,5.235,trained,3.243,9.0,27.0,55.0,9.277,trained,2.842,9.09,22.22,50.51,,,2.359,6.19,20.62,54.64,,,11.06,5.235,10.69,nearest pivot/Square9 support below current price,10.54,second-nearest support below current price,,11.37,nearest real resistance to AI target (+5.2%),11.22,nearest remaining real resistance level,,,11.54,extended level (Fibonacci extension / multi-rotation Square9) beyond normal T1-T3 — needed because AI target (+5.2%) exceeds all standard resistance levels for this ticker,,,,
ATHR,2026-07-22,1086,25889,4.04,21.88,68.75,84.13,5.127,trained,-1.566,7.81,37.5,67.19,-3.232,trained,5.717,,,,,,8.496,3.28,4.92,24.59,,,4.04,5.127,3.72,nearest pivot/Square9 support below current price,3.51,second-nearest support below current price,,4.37,nearest real resistance to AI target (+5.1%),4.81,nearest remaining real resistance level,,,,,,,,
GLXY,2026-07-22,1040215,6959300,3.73,28.81,83.05,84.75,5.083,trained,5.065,13.56,47.46,64.41,10.469,trained,0.751,15.52,31.03,55.17,1.563,trained,2.65,14.29,32.14,78.57,3.543,trained,25.1,5.083,24.52,nearest pivot/Square9 support below current price,23.63,second-nearest support below current price,,26.16,nearest real resistance to AI target (+5.1%),26.9,nearest remaining real resistance level,,,,,,,,
ABSI,2026-07-22,459907,7140585,3.092,35.64,70.3,86.14,5.074,trained,6.599,8.0,24.0,73.74,35.469,trained,9.982,,,,,,14.11,,,,,,8.29,5.074,7.98,nearest pivot/Square9 support below current price,7.64,second-nearest support below current price,,8.74,nearest real resistance to AI target (+5.1%),8.53,nearest remaining real resistance level,,,,,,,,
CRML,2026-07-22,4145671,5280673,5.561,21.78,54.46,79.0,4.991,trained,8.322,5.0,9.0,52.0,,,12.078,2.02,5.05,45.45,,,16.499,0.0,0.0,31.96,,,6.86,4.991,6.19,nearest pivot/Square9 support below current price,6.02,second-nearest support below current price,,6.97,nearest real resistance to AI target (+5.0%),,,,,8.56,extended level (Fibonacci extension / multi-rotation Square9) beyond normal T1-T3 — needed because AI target (+5.0%) exceeds all standard resistance levels for this ticker,,,,
QS,2026-07-22,3516644,22995052,3.667,44.55,87.13,80.81,4.963,trained,4.086,23.0,46.0,64.0,7.556,trained,4.539,14.14,32.32,59.18,9.915,trained,5.459,8.25,17.53,45.83,,,6.09,4.963,5.92,nearest pivot/Square9 support below current price,5.79,second-nearest support below current price,,6.27,nearest real resistance to AI target (+5.0%),6.16,nearest remaining real resistance level,,,7.15,extended level (Fibonacci extension / multi-rotation Square9) beyond normal T1-T3 — needed because AI target (+5.0%) exceeds all standard resistance levels for this ticker,,,,
BTCL,2026-07-22,11105,77715,2.888,29.7,66.34,61.39,4.939,trained,2.226,16.0,27.0,57.0,7.1,trained,2.558,11.11,27.27,58.59,9.772,trained,2.054,14.43,25.77,53.61,,,13.22,4.939,13.11,nearest pivot/Square9 support below current price,12.94,second-nearest support below current price,,13.74,nearest real resistance to AI target (+4.9%),13.57,nearest remaining real resistance level,,,13.83,extended level (Fibonacci extension / multi-rotation Square9) beyond normal T1-T3 — needed because AI target (+4.9%) exceeds all standard resistance levels for this ticker,,,,
MB,2026-07-22,696,6419,5.45,18.75,39.06,72.41,4.878,trained,5.36,12.5,25.0,43.55,,,0.709,4.76,11.11,38.1,,,41.888,6.56,8.2,41.67,,,3.78,4.878,3.42,nearest pivot/Square9 support below current price,3.23,second-nearest support below current price,,4.33,nearest real resistance to AI target (+4.9%),4.52,nearest remaining real resistance level,,,,,,,,
BGLC,2026-07-22,4522,6436,7.279,12.87,41.58,69.89,4.807,trained,6.185,7.0,20.0,47.0,,,5.306,8.08,23.23,41.84,,,3.896,2.06,13.4,60.82,2.526,trained,1.51,4.807,1.51,no support level identified below current price — current price used,,no second support level identified,,1.64,nearest real resistance to AI target (+4.8%),1.66,nearest remaining real resistance level,,,,,,,,
TELO,2026-07-22,65242,87582,4.234,50.5,89.11,85.87,4.806,trained,3.428,23.0,57.0,65.62,6.328,trained,2.192,24.24,50.51,63.83,8.094,trained,6.395,20.62,44.33,45.26,,,1.14,4.806,0.94,nearest pivot/Square9 support below current price,0.8,second-nearest support below current price,,1.19,nearest real resistance to AI target (+4.8%),1.3,nearest remaining real resistance level,,,,,,,,
SPAI,2026-07-22,10109,104170,5.545,36.84,78.95,91.58,4.786,trained,19.31,11.7,30.85,59.57,24.012,trained,22.334,6.45,13.98,50.54,,,27.799,5.49,13.19,70.33,30.834,trained,3.88,4.786,3.71,nearest pivot/Square9 support below current price,3.58,second-nearest support below current price,,4.08,nearest real resistance to AI target (+4.8%),3.96,nearest remaining real resistance level,,,,,,,,
ENVX,2026-07-22,762499,5639989,4.293,39.6,83.17,86.0,4.778,trained,3.494,16.0,38.0,61.62,9.82,trained,3.059,12.12,27.27,53.06,,,4.028,5.15,9.28,52.58,,,4.82,4.778,4.64,nearest pivot/Square9 support below current price,4.46,second-nearest support below current price,,5.09,nearest real resistance to AI target (+4.8%),4.96,nearest remaining real resistance level,,,,,,,,
NMTC,2026-07-22,12925,51566,5.443,35.64,85.15,94.74,4.773,trained,5.436,11.0,25.0,51.04,,,5.826,4.04,16.16,46.32,,,5.64,,,,,,2.07,4.773,1.98,nearest pivot/Square9 support below current price,1.92,second-nearest support below current price,,2.15,nearest real resistance to AI target (+4.8%),2.26,nearest remaining real resistance level,,,,,,,,
COIW,2026-07-22,61925,125516,2.638,30.56,77.78,69.44,4.745,trained,1.518,16.9,29.58,53.52,,,1.116,17.14,22.86,55.71,1.718,trained,-9.657,8.82,26.47,66.18,-28.565,trained,9.3,4.745,9.16,nearest pivot/Square9 support below current price,8.69,second-nearest support below current price,,10.04,nearest real resistance to AI target (+4.7%),10.45,nearest remaining real resistance level,,,,,,,,
DUOT,2026-07-22,153023,855226,4.804,42.57,84.16,87.88,4.713,trained,3.33,15.0,36.0,58.0,6.588,trained,-15.072,9.09,14.14,53.06,,,-8.867,7.22,13.4,74.23,-20.975,trained,8.49,4.713,8.19,nearest pivot/Square9 support below current price,7.93,second-nearest support below current price,,8.82,nearest real resistance to AI target (+4.7%),8.64,nearest remaining real resistance level,,,9.07,extended level (Fibonacci extension / multi-rotation Square9) beyond normal T1-T3 — needed because AI target (+4.7%) exceeds all standard resistance levels for this ticker,,,,
INKT,2026-07-22,2236,13836,5.126,36.63,75.25,85.15,4.682,trained,41.43,11.0,26.0,57.0,36.785,trained,63.579,11.11,33.33,53.06,,,21.927,8.25,21.65,53.61,,,10.91,4.682,10.63,nearest pivot/Square9 support below current price,10.2,second-nearest support below current price,,11.4,nearest real resistance to AI target (+4.7%),11.74,nearest remaining real resistance level,,,,,,,,
PMN,2026-07-22,13981,95464,5.543,24.75,76.24,95.96,4.658,trained,5.155,15.0,42.0,64.0,9.403,trained,7.819,11.11,22.22,53.06,,,3.572,2.06,12.37,57.73,7.361,trained,14.09,4.658,13.77,nearest pivot/Square9 support below current price,13.06,second-nearest support below current price,,15.36,nearest real resistance to AI target (+4.7%),16.24,nearest remaining real resistance level,,,,,,,,
NVOX,2026-07-22,68719,306590,2.098,42.68,84.15,79.01,4.645,trained,1.331,8.64,29.63,48.15,,,0.06,8.75,25.0,30.0,,,7.755,5.13,15.38,21.79,,,16.36,4.645,16.25,nearest pivot/Square9 support below current price,15.96,second-nearest support below current price,,17.07,nearest real resistance to AI target (+4.6%),17.36,nearest remaining real resistance level,,,,,,,,
TKNO,2026-07-22,15980,147949,3.606,33.66,81.19,90.91,4.602,trained,7.192,17.0,29.0,76.0,20.88,trained,31.091,11.11,23.23,82.83,133.003,trained,25.628,6.19,16.49,97.92,159.559,trained,5.21,4.602,5.09,nearest pivot/Square9 support below current price,4.85,second-nearest support below current price,,5.56,nearest real resistance to AI target (+4.6%),5.78,nearest remaining real resistance level,,,,,,,,
DTCX,2026-07-22,27050,203517,4.758,27.72,75.25,95.92,4.583,trained,5.842,10.0,33.0,69.0,10.353,trained,6.658,9.09,26.26,61.86,21.439,trained,8.821,3.09,12.37,52.13,,,1.86,4.583,1.8,nearest pivot/Square9 support below current price,1.71,second-nearest support below current price,,2.03,nearest real resistance to AI target (+4.6%),2.12,nearest remaining real resistance level,,,,,,,,
DXYZ,2026-07-22,163405,1128270,4.092,18.81,65.35,76.24,4.567,trained,6.8,12.0,31.0,54.0,,,9.736,6.06,19.19,46.46,,,16.788,8.25,9.28,48.45,,,25.2,4.567,24.65,nearest pivot/Square9 support below current price,23.62,second-nearest support below current price,,26.44,nearest real resistance to AI target (+4.6%),27.2,nearest remaining real resistance level,,,,,,,,
AKA,2026-07-22,214,2630,3.077,38.61,83.17,80.0,4.559,trained,2.545,25.0,56.0,66.67,5.277,trained,-6.93,13.13,30.3,45.45,,,-6.574,4.12,18.56,47.42,,,10.99,4.559,10.99,no support level identified below current price — current price used,,no second support level identified,,11.1,nearest real resistance to AI target (+4.6%),,,,,12.28,extended level (Fibonacci extension / multi-rotation Square9) beyond normal T1-T3 — needed because AI target (+4.6%) exceeds all standard resistance levels for this ticker,,,,
REBN,2026-07-21,12000,19010,4.067,33.0,72.0,88.42,4.55,trained,5.313,14.0,35.0,60.61,8.992,trained,7.874,12.12,29.29,57.14,14.416,trained,3.943,6.19,13.4,52.58,,,1.39,4.55,1.35,nearest pivot/Square9 support below current price,1.33,second-nearest support below current price,,1.45,nearest real resistance to AI target (+4.5%),1.41,nearest remaining real resistance level,,,1.54,extended level (Fibonacci extension / multi-rotation Square9) beyond normal T1-T3 — needed because AI target (+4.5%) exceeds all standard resistance levels for this ticker,,,,
BMR,2026-07-22,66432,77411,4.355,43.56,79.21,84.38,4.507,trained,3.342,20.0,48.0,54.55,,,2.714,10.1,23.23,40.82,,,5.262,11.34,25.77,60.0,15.585,trained,1.22,4.507,1.16,nearest pivot/Square9 support below current price,1.11,second-nearest support below current price,,1.29,nearest real resistance to AI target (+4.5%),1.25,nearest remaining real resistance level,,,,,,,,
NMAX,2026-07-22,180465,995353,3.622,45.45,86.36,90.91,4.385,trained,1.17,,,,,,7.205,,,,,,1.667,,,,,,8.01,4.385,7.92,nearest pivot/Square9 support below current price,7.81,second-nearest support below current price,,8.38,nearest real resistance to AI target (+4.4%),8.27,nearest remaining real resistance level,,,,,,,,
BCG,2026-07-22,20697,21549,6.359,15.84,55.45,85.26,4.375,trained,6.593,13.0,38.0,60.64,5.273,trained,5.942,14.14,28.28,62.63,4.088,trained,4.51,2.06,10.31,27.37,,,1.39,4.375,1.35,nearest pivot/Square9 support below current price,1.28,second-nearest support below current price,,1.51,nearest real resistance to AI target (+4.4%),1.58,nearest remaining real resistance level,,,,,,,,
WFF,2026-07-22,1931,245731,6.389,22.73,37.88,82.81,4.367,trained,5.297,6.06,16.67,70.77,4.102,trained,-3.468,1.54,3.08,16.92,,,5.415,0.0,1.59,44.44,,,2.33,4.367,2.28,nearest pivot/Square9 support below current price,2.16,second-nearest support below current price,,2.45,nearest real resistance to AI target (+4.4%),2.51,nearest remaining real resistance level,,,,,,,,
LFMD,2026-07-22,279632,886081,3.18,42.57,81.19,90.91,4.306,trained,3.977,15.0,33.0,66.67,16.296,trained,9.43,11.11,25.25,67.68,57.898,trained,6.811,9.28,17.53,68.75,48.765,trained,3.94,4.306,3.86,nearest pivot/Square9 support below current price,3.66,second-nearest support below current price,,4.3,nearest real resistance to AI target (+4.3%),4.5,nearest remaining real resistance level,,,,,,,,
MFI,2026-07-21,9300,13235,3.44,21.0,58.0,78.02,4.287,trained,2.905,7.0,23.0,53.06,,,3.434,11.11,26.26,52.53,,,10.71,4.12,12.37,39.18,,,8.38,4.287,8.27,nearest pivot/Square9 support below current price,8.17,second-nearest support below current price,,8.75,nearest real resistance to AI target (+4.3%),8.84,nearest remaining real resistance level,,,,,,,,
TOYO,2026-07-22,399656,1150297,4.581,32.67,69.31,91.0,4.265,trained,2.032,9.0,24.0,59.6,8.471,trained,8.214,6.06,20.2,53.54,,,3.684,2.06,7.22,40.21,,,5.31,4.265,4.93,nearest pivot/Square9 support below current price,4.8,second-nearest support below current price,,5.48,nearest real resistance to AI target (+4.3%),5.61,nearest remaining real resistance level,,,,,,,,
XXRP,2026-07-22,64866,232404,2.587,33.85,55.38,56.92,4.219,trained,0.509,9.38,25.0,46.88,,,4.375,14.29,26.98,68.25,17.16,trained,9.17,14.75,19.67,70.49,31.058,trained,24.78,4.219,24.34,nearest pivot/Square9 support below current price,23.68,second-nearest support below current price,,25.84,nearest real resistance to AI target (+4.2%),25.42,nearest remaining real resistance level,,,,,,,,
REAL,2026-07-22,597187,3031229,3.579,44.55,85.15,83.67,4.203,trained,6.39,14.0,37.0,61.0,14.144,trained,7.306,15.15,23.23,57.58,14.199,trained,12.153,0.0,9.28,48.45,,,11.44,4.203,11.32,nearest pivot/Square9 support below current price,11.13,second-nearest support below current price,,12.11,nearest real resistance to AI target (+4.2%),12.3,nearest remaining real resistance level,,,,,,,,
UNCY,2026-07-22,252061,2828078,4.331,44.55,90.1,93.0,4.187,trained,1.097,20.0,47.0,69.7,1.495,trained,0.556,15.15,42.42,65.66,0.7,trained,7.561,10.31,20.62,59.79,6.871,trained,5.68,4.187,5.44,nearest pivot/Square9 support below current price,5.2,second-nearest support below current price,,5.9,nearest real resistance to AI target (+4.2%),6.12,nearest remaining real resistance level,,,,,,,,
LYEL,2026-07-22,45427,249796,4.725,42.57,86.14,91.09,4.186,trained,4.655,10.0,26.0,55.0,6.271,trained,4.327,12.12,19.19,45.45,,,6.003,6.19,11.34,37.11,,,12.9,4.186,12.83,nearest pivot/Square9 support below current price,12.55,second-nearest support below current price,,13.36,nearest real resistance to AI target (+4.2%),13.62,nearest remaining real resistance level,,,,,,,,
NNNN,2026-07-22,7774,55258,7.082,25.0,63.89,94.44,4.151,trained,9.526,11.27,21.13,60.56,8.184,trained,12.644,4.29,14.29,44.29,,,14.483,2.94,4.41,48.53,,,9.38,4.151,9.06,nearest pivot/Square9 support below current price,8.6,second-nearest support below current price,,9.93,nearest real resistance to AI target (+4.2%),10.35,nearest remaining real resistance level,,,,,,,,
VRM,2026-07-21,7000,25330,2.389,46.48,80.28,88.57,4.15,trained,1.16,11.43,27.14,52.86,,,-0.375,7.25,17.39,55.07,-0.907,trained,-1.44,,,,,,7.7,4.15,6.98,nearest pivot/Square9 support below current price,6.89,second-nearest support below current price,,8.47,nearest real resistance to AI target (+4.2%),,,,,,,,,,
ATLX,2026-07-22,105089,413404,4.291,41.58,85.15,87.76,4.12,trained,3.824,10.0,26.0,51.0,,,3.339,9.09,22.22,54.55,,,3.194,,,,,,3.01,4.12,2.87,nearest pivot/Square9 support below current price,2.8,second-nearest support below current price,,3.1,nearest real resistance to AI target (+4.1%),3.03,nearest remaining real resistance level,,,3.52,extended level (Fibonacci extension / multi-rotation Square9) beyond normal T1-T3 — needed because AI target (+4.1%) exceeds all standard resistance levels for this ticker,,,,
SGMT,2026-07-22,227015,1434280,4.761,34.65,80.2,85.0,4.113,trained,4.722,13.0,40.0,62.63,10.508,trained,6.172,9.09,30.3,60.61,15.798,trained,7.182,10.31,23.71,67.01,23.247,trained,7.12,4.113,6.97,nearest pivot/Square9 support below current price,6.88,second-nearest support below current price,,7.32,nearest real resistance to AI target (+4.1%),7.19,nearest remaining real resistance level,,,8.3,extended level (Fibonacci extension / multi-rotation Square9) beyond normal T1-T3 — needed because AI target (+4.1%) exceeds all standard resistance levels for this ticker,,,,
URAA,2026-07-22,28512,51025,3.185,32.67,74.26,74.26,4.11,trained,3.745,10.0,32.0,51.0,,,4.705,11.11,23.23,48.48,,,6.526,1.03,4.12,25.77,,,22.84,4.11,20.91,nearest pivot/Square9 support below current price,20.16,second-nearest support below current price,,23.27,nearest real resistance to AI target (+4.1%),,,,,24.54,extended level (Fibonacci extension / multi-rotation Square9) beyond normal T1-T3 — needed because AI target (+4.1%) exceeds all standard resistance levels for this ticker,,,,
PONY,2026-07-22,644414,3381190,3.518,31.71,79.27,71.95,4.104,trained,3.04,10.98,34.15,52.44,,,2.692,2.47,9.88,32.5,,,1.837,13.92,20.25,30.38,,,6.89,4.104,6.81,nearest pivot/Square9 support below current price,6.71,second-nearest support below current price,,7.21,nearest real resistance to AI target (+4.1%),7.06,nearest remaining real resistance level,,,,,,,,
LVO,2026-07-22,1978,69923,4.075,42.57,87.13,95.0,4.088,trained,4.312,21.0,47.0,68.0,8.971,trained,5.439,15.15,36.36,64.95,16.021,trained,7.612,,,,,,5.68,4.088,5.37,nearest pivot/Square9 support below current price,5.23,second-nearest support below current price,,5.85,nearest real resistance to AI target (+4.1%),5.68,nearest remaining real resistance level,,,6.0,extended level (Fibonacci extension / multi-rotation Square9) beyond normal T1-T3 — needed because AI target (+4.1%) exceeds all standard resistance levels for this ticker,,,,
IONQ,2026-07-22,5371075,20523893,3.353,43.56,77.23,85.15,3.986,trained,0.92,9.0,22.0,67.0,1.392,trained,-1.733,12.12,25.25,67.68,-2.862,trained,5.69,9.28,18.56,73.2,7.35,trained,35.75,3.986,34.78,nearest pivot/Square9 support below current price,34.06,second-nearest support below current price,,36.79,nearest real resistance to AI target (+4.0%),36.15,nearest remaining real resistance level,,,49.46,extended level (Fibonacci extension / multi-rotation Square9) beyond normal T1-T3 — needed because AI target (+4.0%) exceeds all standard resistance levels for this ticker,,,,
MBX,2026-07-22,114863,995493,4.011,37.63,80.65,88.17,3.977,trained,6.227,11.96,31.52,73.91,11.605,trained,1.452,5.49,21.98,67.03,4.497,trained,-1.385,5.62,16.85,70.79,-4.282,trained,57.99,3.977,57.14,nearest pivot/Square9 support below current price,55.91,second-nearest support below current price,,61.51,nearest real resistance to AI target (+4.0%),62.74,nearest remaining real resistance level,,,,,,,,
NTRB,2026-07-22,6366,13328,5.28,36.63,88.12,90.43,3.928,trained,3.404,21.0,59.0,63.64,3.176,trained,-2.102,16.16,38.38,48.48,,,-6.239,7.22,24.74,32.99,,,3.09,3.928,3.03,nearest pivot/Square9 support below current price,2.97,second-nearest support below current price,,3.13,nearest real resistance to AI target (+3.9%),3.11,nearest remaining real resistance level,,,3.23,extended level (Fibonacci extension / multi-rotation Square9) beyond normal T1-T3 — needed because AI target (+3.9%) exceeds all standard resistance levels for this ticker,,,,
SANA,2026-07-22,410680,3126399,4.924,34.65,80.2,89.0,3.827,trained,3.498,14.0,39.0,60.0,5.607,trained,7.209,8.08,20.2,62.63,4.58,trained,6.938,6.19,14.43,71.13,5.06,trained,3.16,3.827,3.1,nearest pivot/Square9 support below current price,3.04,second-nearest support below current price,,3.3,nearest real resistance to AI target (+3.8%),3.23,nearest remaining real resistance level,,,,,,,,
IMRX,2026-07-22,173262,1405698,4.858,34.65,85.15,91.0,3.804,trained,7.6,13.0,45.0,69.0,7.399,trained,7.315,5.05,19.19,48.98,,,7.004,7.22,23.71,59.79,5.512,trained,4.47,3.804,4.32,nearest pivot/Square9 support below current price,4.18,second-nearest support below current price,,4.65,nearest real resistance to AI target (+3.8%),4.55,nearest remaining real resistance level,,,,,,,,
BRFH,2026-07-22,662,5073,3.757,42.57,92.08,88.37,3.788,trained,3.743,20.0,54.0,59.18,3.709,trained,2.755,12.12,27.27,34.38,,,-0.018,7.22,16.49,21.88,,,1.82,3.788,1.72,nearest pivot/Square9 support below current price,1.65,second-nearest support below current price,,1.89,nearest real resistance to AI target (+3.8%),1.99,nearest remaining real resistance level,,,,,,,,
KYTX,2026-07-22,131848,1503797,4.53,41.58,87.13,94.0,3.784,trained,2.911,16.0,41.0,67.35,3.315,trained,5.857,13.13,29.29,52.53,,,13.203,12.37,29.9,69.47,23.328,trained,7.43,3.784,7.25,nearest pivot/Square9 support below current price,7.01,second-nearest support below current price,,7.75,nearest real resistance to AI target (+3.8%),7.62,nearest remaining real resistance level,,,,,,,,
BTCZ,2026-07-22,7065115,26859440,2.498,30.69,76.24,71.29,3.769,trained,-0.26,14.0,30.0,50.0,,,2.131,6.06,23.23,47.47,,,-2.497,7.22,14.43,56.7,-4.366,trained,5.17,3.769,5.02,nearest pivot/Square9 support below current price,4.94,second-nearest support below current price,,5.33,nearest real resistance to AI target (+3.8%),5.25,nearest remaining real resistance level,,,5.91,extended level (Fibonacci extension / multi-rotation Square9) beyond normal T1-T3 — needed because AI target (+3.8%) exceeds all standard resistance levels for this ticker,,,,
RXRX,2026-07-22,3764171,24469973,3.713,41.58,90.1,83.51,3.761,trained,3.679,14.0,40.0,55.1,8.703,trained,3.073,7.07,25.25,46.46,,,2.785,12.37,32.99,60.42,11.62,trained,3.04,3.761,2.96,nearest pivot/Square9 support below current price,2.84,second-nearest support below current price,,3.14,nearest real resistance to AI target (+3.8%),3.2,nearest remaining real resistance level,,,,,,,,
GRAL,2026-07-22,50543,534697,4.072,35.64,85.15,88.12,3.749,trained,7.635,15.0,46.0,65.0,8.081,trained,8.853,10.1,32.32,69.7,9.311,trained,15.635,8.25,22.68,71.13,31.937,trained,71.88,3.749,69.37,nearest pivot/Square9 support below current price,66.03,second-nearest support below current price,,74.79,nearest real resistance to AI target (+3.7%),76.86,nearest remaining real resistance level,,,,,,,,
SPPL,2026-07-22,1564,311113,4.406,21.78,68.32,94.68,3.728,trained,7.527,13.0,35.0,68.0,8.298,trained,11.672,5.05,14.14,63.27,6.733,trained,13.959,,,,,,3.32,3.728,3.14,nearest pivot/Square9 support below current price,2.94,second-nearest support below current price,,3.59,nearest real resistance to AI target (+3.7%),3.84,nearest remaining real resistance level,,,,,,,,
HERE,2026-07-22,10935,125826,3.984,34.65,80.2,83.67,3.712,trained,6.402,9.0,27.0,47.47,,,7.801,9.09,15.15,42.11,,,21.194,2.06,11.34,24.74,,,1.87,3.712,1.83,nearest pivot/Square9 support below current price,1.81,second-nearest support below current price,,1.95,nearest real resistance to AI target (+3.7%),1.9,nearest remaining real resistance level,,,,,,,,
GLSI,2026-07-22,35273,201013,4.357,34.65,70.3,92.0,3.697,trained,6.475,19.0,36.0,61.0,12.204,trained,5.953,8.08,29.29,55.56,9.165,trained,8.063,4.12,22.68,42.27,,,14.0,3.697,13.34,nearest pivot/Square9 support below current price,12.03,second-nearest support below current price,,15.66,nearest real resistance to AI target (+3.7%),16.67,nearest remaining real resistance level,,,,,,,,
SAIH,2026-07-21,1600,1885,3.152,19.0,78.0,74.39,3.674,trained,6.53,12.0,46.0,80.81,7.039,trained,7.837,15.15,46.46,84.85,11.933,trained,10.242,12.37,24.74,92.78,15.953,trained,13.65,3.674,13.47,nearest pivot/Square9 support below current price,13.43,second-nearest support below current price,,13.67,nearest real resistance to AI target (+3.7%),,,,,14.15,extended level (Fibonacci extension / multi-rotation Square9) beyond normal T1-T3 — needed because AI target (+3.7%) exceeds all standard resistance levels for this ticker,,,,
GCT,2026-07-22,208929,623291,2.956,47.52,93.07,82.18,3.629,trained,4.52,22.0,53.0,67.0,9.125,trained,4.343,17.17,40.4,63.64,9.2,trained,7.199,5.15,21.65,64.95,27.998,trained,37.53,3.629,37.53,no support level identified below current price — current price used,,no second support level identified,,38.78,nearest real resistance to AI target (+3.6%),39.08,nearest remaining real resistance level,,,,,,,,
GDEV,2026-07-21,0,2855,3.591,25.0,57.0,72.73,3.582,trained,4.313,9.0,14.0,49.0,,,4.41,10.1,20.2,38.78,,,4.433,5.15,12.37,35.42,,,11.94,3.582,11.92,nearest pivot/Square9 support below current price,11.9,second-nearest support below current price,,12.02,nearest real resistance to AI target (+3.6%),11.98,nearest remaining real resistance level,,,14.81,extended level (Fibonacci extension / multi-rotation Square9) beyond normal T1-T3 — needed because AI target (+3.6%) exceeds all standard resistance levels for this ticker,,,,
NNE,2026-07-22,793123,2385566,4.135,22.77,59.41,81.0,3.574,trained,5.971,3.0,12.0,52.0,,,8.341,8.08,16.16,51.52,,,18.87,,,,,,17.73,3.574,16.83,nearest pivot/Square9 support below current price,16.36,second-nearest support below current price,,18.25,nearest real resistance to AI target (+3.6%),17.78,nearest remaining real resistance level,,,20.73,extended level (Fibonacci extension / multi-rotation Square9) beyond normal T1-T3 — needed because AI target (+3.6%) exceeds all standard resistance levels for this ticker,,,,
JMIA,2026-07-22,836084,1487349,3.216,45.54,90.1,82.18,3.567,trained,0.823,14.0,41.0,53.06,,,3.308,14.14,29.29,45.92,,,4.775,15.46,29.9,44.33,,,6.12,3.567,6.05,nearest pivot/Square9 support below current price,5.89,second-nearest support below current price,,6.43,nearest real resistance to AI target (+3.6%),6.59,nearest remaining real resistance level,,,,,,,,
RZLV,2026-07-22,2409020,14891926,4.412,19.8,52.48,79.59,3.562,trained,7.771,11.0,27.0,60.2,11.567,trained,7.765,8.08,25.25,63.27,8.123,trained,9.539,2.06,7.22,69.79,4.78,trained,2.37,3.562,2.33,nearest pivot/Square9 support below current price,2.27,second-nearest support below current price,,2.44,nearest real resistance to AI target (+3.6%),2.49,nearest remaining real resistance level,,,,,,,,
GLUE,2026-07-22,139049,1583407,3.56,47.52,92.08,90.1,3.537,trained,9.435,17.0,38.0,69.0,12.099,trained,15.247,10.1,17.17,60.61,21.268,trained,15.192,10.31,21.65,60.42,19.427,trained,23.45,3.537,23.27,nearest pivot/Square9 support below current price,22.92,second-nearest support below current price,,24.11,nearest real resistance to AI target (+3.5%),24.59,nearest remaining real resistance level,,,,,,,,
ILAG,2026-07-21,20100,26545,6.467,9.0,18.0,64.77,3.497,trained,6.228,10.0,23.0,57.58,8.537,trained,5.139,6.06,27.27,59.18,22.694,trained,4.729,5.15,12.37,54.74,,,3.31,3.497,3.17,nearest pivot/Square9 support below current price,2.98,second-nearest support below current price,,3.53,nearest real resistance to AI target (+3.5%),3.71,nearest remaining real resistance level,,,,,,,,
ZBIO,2026-07-22,415544,1146187,4.011,35.48,86.02,91.3,3.475,trained,5.037,16.3,36.96,61.96,8.663,trained,8.461,8.79,24.18,56.04,18.681,trained,8.581,2.25,10.11,42.7,,,31.94,3.475,30.74,nearest pivot/Square9 support below current price,29.11,second-nearest support below current price,,34.02,nearest real resistance to AI target (+3.5%),35.67,nearest remaining real resistance level,,,,,,,,
AFRM,2026-07-22,660553,4062667,2.799,55.45,94.06,86.0,3.467,trained,4.207,17.0,47.0,70.0,8.98,trained,5.842,15.15,42.42,75.76,13.487,trained,9.723,11.34,27.84,72.16,23.448,trained,74.79,3.467,73.87,nearest pivot/Square9 support below current price,73.03,second-nearest support below current price,,76.35,nearest real resistance to AI target (+3.5%),75.53,nearest remaining real resistance level,,,87.81,extended level (Fibonacci extension / multi-rotation Square9) beyond normal T1-T3 — needed because AI target (+3.5%) exceeds all standard resistance levels for this ticker,,,,
MENS,2026-07-22,52954,105017,5.676,9.09,36.36,95.92,3.448,trained,8.671,7.41,25.93,67.92,10.33,trained,11.648,11.32,22.64,60.38,38.391,trained,17.552,1.96,3.92,52.94,,,2.52,3.448,2.36,nearest pivot/Square9 support below current price,2.15,second-nearest support below current price,,2.69,nearest real resistance to AI target (+3.4%),2.81,nearest remaining real resistance level,,,,,,,,
JFB,2026-07-22,82956,276617,5.123,21.74,65.22,97.01,3.442,trained,12.941,10.14,18.84,55.07,9.408,trained,8.617,2.94,16.18,44.12,,,24.935,0.0,0.0,25.76,,,3.78,3.442,3.64,nearest pivot/Square9 support below current price,3.55,second-nearest support below current price,,3.89,nearest real resistance to AI target (+3.4%),3.81,nearest remaining real resistance level,,,5.12,extended level (Fibonacci extension / multi-rotation Square9) beyond normal T1-T3 — needed because AI target (+3.4%) exceeds all standard resistance levels for this ticker,,,,
CRWV,2026-07-22,11679626,26074271,3.35,30.3,74.24,76.92,3.429,trained,7.823,10.77,27.69,52.31,,,-2.422,6.25,26.56,40.62,,,20.032,12.9,17.74,43.55,,,83.5,3.429,75.9,nearest pivot/Square9 support below current price,72.23,second-nearest support below current price,,87.8,nearest real resistance to AI target (+3.4%),84.13,nearest remaining real resistance level,,,,,,,,
LCFY,2026-07-22,2245,9512,5.458,25.74,53.47,79.35,3.428,trained,7.544,8.0,18.0,53.54,,,30.03,14.14,28.28,46.94,,,6.142,10.31,17.53,36.08,,,2.61,3.428,2.61,nearest pivot/Square9 support below current price,2.57,second-nearest support below current price,,2.75,nearest real resistance to AI target (+3.4%),2.85,nearest remaining real resistance level,,,,,,,,
PSIX,2026-07-22,79668,408128,4.59,31.68,71.29,82.0,3.367,trained,6.442,6.0,19.0,54.0,,,8.527,7.07,13.13,40.4,,,30.235,1.03,4.12,37.11,,,32.58,3.367,30.75,nearest pivot/Square9 support below current price,29.71,second-nearest support below current price,,33.99,nearest real resistance to AI target (+3.4%),32.95,nearest remaining real resistance level,,,,,,,,
PSIG,2026-07-22,8002,1797820,5.346,32.67,72.28,92.63,3.362,trained,5.871,10.0,34.0,72.16,6.47,trained,5.58,5.05,16.16,64.65,13.281,trained,3.112,,,,,,1.21,3.362,1.21,nearest pivot/Square9 support below current price,1.19,second-nearest support below current price,,1.25,nearest real resistance to AI target (+3.4%),1.23,nearest remaining real resistance level,,,1.3,extended level (Fibonacci extension / multi-rotation Square9) beyond normal T1-T3 — needed because AI target (+3.4%) exceeds all standard resistance levels for this ticker,,,,
PEPG,2026-07-22,432442,1046097,4.926,23.76,66.34,92.78,3.32,trained,5.651,12.0,27.0,53.54,,,8.233,5.05,17.17,52.04,,,14.205,3.09,9.28,48.42,,,1.95,3.32,1.89,nearest pivot/Square9 support below current price,,no second support level identified,,2.23,nearest real resistance to AI target (+3.3%),2.34,nearest remaining real resistance level,,,,,,,,
CNCK,2026-07-22,31070,63828,4.005,27.72,65.35,88.0,3.256,trained,4.405,14.0,35.0,66.67,6.822,trained,3.685,7.07,19.19,60.61,20.161,trained,1.468,7.22,20.62,49.47,,,2.88,3.256,2.8,nearest pivot/Square9 support below current price,2.72,second-nearest support below current price,,2.98,nearest real resistance to AI target (+3.3%),2.93,nearest remaining real resistance level,,,,,,,,
FUFU,2026-07-22,51154,159282,2.714,40.59,82.18,88.89,3.253,trained,2.68,18.0,38.0,56.12,6.652,trained,1.935,6.06,16.16,44.9,,,-1.29,5.15,22.68,33.33,,,1.51,3.253,1.47,nearest pivot/Square9 support below current price,1.42,second-nearest support below current price,,1.58,nearest real resistance to AI target (+3.3%),1.65,nearest remaining real resistance level,,,,,,,,
AVR,2026-07-22,161254,1459627,3.717,47.5,91.25,93.75,3.241,trained,1.812,20.25,46.84,73.42,3.2,trained,4.564,14.1,29.49,80.77,10.099,trained,4.634,5.26,23.68,80.26,12.558,trained,8.44,3.241,8.14,nearest pivot/Square9 support below current price,7.79,second-nearest support below current price,,8.67,nearest real resistance to AI target (+3.2%),8.85,nearest remaining real resistance level,,,,,,,,
HUT,2026-07-22,1168172,4337403,2.487,37.62,75.25,80.2,3.2,trained,0.791,15.0,34.0,65.0,1.797,trained,4.839,12.12,22.22,62.63,12.02,trained,11.561,2.06,5.15,63.92,29.894,trained,110.88,3.2,105.03,nearest pivot/Square9 support below current price,101.08,second-nearest support below current price,,114.42,nearest real resistance to AI target (+3.2%),111.7,nearest remaining real resistance level,,,112.35,extended level (Fibonacci extension / multi-rotation Square9) beyond normal T1-T3 — needed because AI target (+3.2%) exceeds all standard resistance levels for this ticker,,,,
UPST,2026-07-22,862533,3769051,2.592,54.46,87.13,83.17,3.189,trained,4.415,21.0,47.0,62.0,8.182,trained,4.299,9.09,29.29,58.16,9.441,trained,5.285,13.4,27.84,59.79,11.933,trained,28.82,3.189,28.54,nearest pivot/Square9 support below current price,27.81,second-nearest support below current price,,29.96,nearest real resistance to AI target (+3.2%),30.65,nearest remaining real resistance level,,,,,,,,
LRE,2026-07-21,5100,11260,3.304,35.0,83.0,77.38,3.189,trained,4.169,11.0,33.0,67.71,2.576,trained,3.677,11.11,39.39,66.32,2.208,trained,3.488,23.71,57.73,67.03,4.799,trained,1.43,3.189,1.39,nearest pivot/Square9 support below current price,1.33,second-nearest support below current price,,1.47,nearest real resistance to AI target (+3.2%),1.49,nearest remaining real resistance level,,,,,,,,
FULC,2026-07-22,331935,2048966,3.45,49.5,92.08,89.9,3.122,trained,-1.227,21.0,46.0,59.6,-1.586,trained,0.984,10.1,29.29,43.43,,,13.227,8.25,14.43,30.21,,,3.63,3.122,3.62,nearest pivot/Square9 support below current price,3.56,second-nearest support below current price,,3.74,nearest real resistance to AI target (+3.1%),3.81,nearest remaining real resistance level,,,,,,,,
SCWO,2026-07-22,14223,58146,5.919,12.87,41.58,93.81,3.074,trained,6.464,9.0,31.0,60.82,9.266,trained,5.444,11.11,29.29,56.25,9.548,trained,3.916,8.25,18.56,48.45,,,2.0,3.074,2.0,nearest pivot/Square9 support below current price,1.97,second-nearest support below current price,,2.08,nearest real resistance to AI target (+3.1%),2.13,nearest remaining real resistance level,,,,,,,,
FIEE,2026-07-21,600,3450,3.299,17.0,58.0,79.57,2.994,trained,0.775,9.0,20.0,54.0,,,-7.804,2.02,7.07,43.88,,,-15.469,3.09,5.15,46.88,,,3.63,2.994,3.63,no support level identified below current price — current price used,,no second support level identified,,3.65,nearest real resistance to AI target (+3.0%),,,,,3.95,extended level (Fibonacci extension / multi-rotation Square9) beyond normal T1-T3 — needed because AI target (+3.0%) exceeds all standard resistance levels for this ticker,,,,
TEM,2026-07-22,1602580,5623774,3.657,28.71,73.27,78.22,2.96,trained,5.052,17.0,36.0,57.0,7.479,trained,11.891,6.06,21.21,54.55,,,11.68,8.25,19.59,54.64,,,47.6,2.96,46.64,nearest pivot/Square9 support below current price,45.54,second-nearest support below current price,,50.08,nearest real resistance to AI target (+3.0%),51.18,nearest remaining real resistance level,,,,,,,,
RAPP,2026-07-22,38964,480333,3.938,39.6,85.15,92.08,2.908,trained,12.22,21.0,53.0,72.0,22.9,trained,-2.416,20.2,50.51,78.79,-5.837,trained,2.972,14.43,37.11,84.54,4.843,trained,41.75,2.908,40.56,nearest pivot/Square9 support below current price,38.57,second-nearest support below current price,,43.92,nearest real resistance to AI target (+2.9%),45.29,nearest remaining real resistance level,,,,,,,,
WRD,2026-07-22,465155,2299102,2.438,51.72,89.66,81.4,2.885,trained,4.476,27.91,48.84,61.18,10.883,trained,18.863,9.41,29.41,52.94,,,1.639,12.05,28.92,45.78,,,5.85,2.885,5.84,nearest pivot/Square9 support below current price,5.75,second-nearest support below current price,,6.03,nearest real resistance to AI target (+2.9%),6.13,nearest remaining real resistance level,,,,,,,,
SSII,2026-07-22,6611,61345,4.67,22.45,66.33,92.78,2.861,trained,4.208,23.71,47.42,66.32,3.791,trained,6.446,19.79,43.75,62.11,6.555,trained,6.191,6.38,14.89,53.76,,,3.57,2.861,3.5,nearest pivot/Square9 support below current price,3.41,second-nearest support below current price,,3.72,nearest real resistance to AI target (+2.9%),3.85,nearest remaining real resistance level,,,,,,,,
HSAI,2026-07-22,158169,1889978,2.776,40.59,80.2,70.0,2.797,trained,1.348,13.0,38.0,51.0,,,4.044,8.08,19.19,35.35,,,12.351,1.03,4.12,23.71,,,15.1,2.797,15.0,nearest pivot/Square9 support below current price,14.77,second-nearest support below current price,,15.53,nearest real resistance to AI target (+2.8%),15.76,nearest remaining real resistance level,,,,,,,,
NCEW,2026-07-21,0,1540,3.187,16.46,39.24,65.15,2.773,trained,4.426,10.13,34.18,62.82,7.011,trained,7.058,12.82,23.08,71.43,23.745,trained,6.357,2.63,7.89,77.63,29.312,trained,17.0,2.773,16.93,nearest pivot/Square9 support below current price,16.87,second-nearest support below current price,,17.07,nearest real resistance to AI target (+2.8%),17.03,nearest remaining real resistance level,,,18.22,extended level (Fibonacci extension / multi-rotation Square9) beyond normal T1-T3 — needed because AI target (+2.8%) exceeds all standard resistance levels for this ticker,,,,
IMNM,2026-07-22,83420,1623861,3.238,55.45,96.04,92.08,2.704,trained,2.587,21.0,52.0,67.0,3.702,trained,2.925,10.1,33.33,60.61,4.746,trained,2.62,9.28,21.65,48.96,,,22.84,2.704,22.13,nearest pivot/Square9 support below current price,21.47,second-nearest support below current price,,23.24,nearest real resistance to AI target (+2.7%),23.7,nearest remaining real resistance level,,,,,,,,
ENGN,2026-07-22,117205,1093900,4.907,26.73,63.37,91.92,2.653,trained,5.866,16.0,44.0,69.0,6.479,trained,9.926,16.16,32.32,61.62,13.357,trained,43.285,10.31,29.9,56.7,55.889,trained,1.89,2.653,1.88,nearest pivot/Square9 support below current price,1.83,second-nearest support below current price,,1.96,nearest real resistance to AI target (+2.7%),1.99,nearest remaining real resistance level,,,,,,,,
NB,2026-07-22,448112,3218985,3.17,26.73,71.29,77.23,2.616,trained,4.471,8.0,25.0,54.55,,,8.216,2.02,17.17,39.8,,,11.853,0.0,4.12,40.21,,,4.53,2.616,4.35,nearest pivot/Square9 support below current price,4.24,second-nearest support below current price,,4.69,nearest real resistance to AI target (+2.6%),4.58,nearest remaining real resistance level,,,,,,,,
RHLD,2026-07-22,21628,150921,3.952,36.62,92.96,92.96,2.605,trained,12.008,12.86,34.29,58.57,12.803,trained,11.575,13.04,33.33,56.52,11.233,trained,15.625,10.45,16.42,52.24,,,128.4,2.605,126.24,nearest pivot/Square9 support below current price,122.91,second-nearest support below current price,,134.6,nearest real resistance to AI target (+2.6%),139.63,nearest remaining real resistance level,,,,,,,,
DTST,2026-07-22,1939,21026,2.102,55.45,94.06,93.81,2.496,trained,4.742,26.0,60.0,71.72,5.11,trained,11.516,21.21,57.58,73.2,13.347,trained,8.207,11.34,27.84,53.68,,,3.28,2.496,3.22,nearest pivot/Square9 support below current price,3.17,second-nearest support below current price,,3.43,nearest real resistance to AI target (+2.5%),3.48,nearest remaining real resistance level,,,,,,,,
OLMA,2026-07-22,128652,1597527,2.959,44.55,95.05,88.89,2.325,trained,12.65,15.0,30.0,53.0,,,21.813,10.1,16.16,38.38,,,21.049,6.19,17.53,29.9,,,11.46,2.325,11.37,nearest pivot/Square9 support below current price,11.15,second-nearest support below current price,,11.79,nearest real resistance to AI target (+2.3%),11.99,nearest remaining real resistance level,,,,,,,,
ALMS,2026-07-22,204909,1717420,4.602,28.71,78.22,83.0,2.306,trained,5.163,8.0,30.0,62.63,4.285,trained,7.095,8.08,23.23,51.52,,,10.458,5.15,17.53,53.61,,,28.94,2.306,28.74,nearest pivot/Square9 support below current price,27.44,second-nearest support below current price,,30.73,nearest real resistance to AI target (+2.3%),31.42,nearest remaining real resistance level,,,,,,,,
GNLX,2026-07-22,39766,175188,4.573,13.86,43.56,92.71,2.135,trained,5.599,7.0,24.0,67.35,2.731,trained,7.061,11.11,28.28,70.41,5.585,trained,9.902,2.06,6.19,73.96,3.258,trained,2.98,2.135,2.87,nearest pivot/Square9 support below current price,2.85,second-nearest support below current price,,2.99,nearest real resistance to AI target (+2.1%),,,,,3.11,extended level (Fibonacci extension / multi-rotation Square9) beyond normal T1-T3 — needed because AI target (+2.1%) exceeds all standard resistance levels for this ticker,,,,
SPHL,2026-07-22,3020,897156,7.824,10.23,22.73,80.23,2.059,trained,24.069,5.75,14.94,61.18,36.552,trained,14.108,5.81,17.44,57.65,30.412,trained,13.266,7.14,22.62,72.29,17.794,trained,2.56,2.059,2.43,nearest pivot/Square9 support below current price,2.33,second-nearest support below current price,,2.69,nearest real resistance to AI target (+2.1%),2.85,nearest remaining real resistance level,,,,,,,,
ETU,2026-07-22,6565,90843,2.304,19.54,35.63,65.88,1.682,trained,4.072,5.81,20.93,52.33,,,-0.643,5.88,17.65,45.88,,,2.572,7.23,21.69,51.81,,,4.51,1.682,4.36,nearest pivot/Square9 support below current price,4.31,second-nearest support below current price,,4.6,nearest real resistance to AI target (+1.7%),4.54,nearest remaining real resistance level,,,,,,,,
SERV,2026-07-22,663806,3232875,3.134,7.92,37.62,78.0,1.519,trained,5.294,6.0,10.0,50.0,,,5.561,6.06,11.11,39.8,,,6.629,,,,,,5.41,1.519,5.25,nearest pivot/Square9 support below current price,5.12,second-nearest support below current price,,5.48,nearest real resistance to AI target (+1.5%),5.58,nearest remaining real resistance level,,,,,,,,
SKYT,2026-07-22,162413,691530,2.006,39.6,91.09,83.0,1.244,trained,3.913,24.0,43.0,58.0,3.868,trained,5.284,9.09,23.23,58.59,4.512,trained,23.064,9.28,28.87,59.79,19.286,trained,30.99,1.244,30.89,nearest pivot/Square9 support below current price,30.67,second-nearest support below current price,,31.49,nearest real resistance to AI target (+1.2%),31.87,nearest remaining real resistance level,,,,,,,,
RADX,2026-07-21,24100,23540,2.308,24.69,72.84,83.54,1.001,trained,0.87,16.25,43.75,67.09,0.615,trained,5.163,16.46,40.51,58.97,3.916,trained,-2.735,12.99,27.27,49.35,,,4.29,1.001,4.13,nearest pivot/Square9 support below current price,3.99,second-nearest support below current price,,4.41,nearest real resistance to AI target (+1.0%),4.55,nearest remaining real resistance level,,,,,,,,
AXG,2026-07-22,16464,170848,2.71,13.86,62.38,92.39,0.989,trained,5.454,10.0,29.0,58.59,3.111,trained,6.138,7.07,14.14,39.58,,,8.472,13.4,31.96,37.11,,,3.18,0.989,3.17,nearest pivot/Square9 support below current price,3.13,second-nearest support below current price,,3.24,nearest real resistance to AI target (+1.0%),3.28,nearest remaining real resistance level,,,,,,,,
MKZR,2026-07-22,1924,24896,2.83,20.79,48.51,82.47,0.87,trained,3.323,28.0,54.0,56.57,3.097,trained,-2.434,23.23,50.51,39.58,,,-15.953,13.4,32.99,82.29,-197.257,trained,1.57,0.87,1.5,nearest pivot/Square9 support below current price,1.47,second-nearest support below current price,,1.61,nearest real resistance to AI target (+0.9%),1.68,nearest remaining real resistance level,,,,,,,,
ATCX,2026-07-22,2549,10777,4.038,,,,,,2.6,,,,,,-7.533,,,,,,-11.005,,,,,,3.11,,2.98,nearest pivot/Square9 support below current price,2.92,second-nearest support below current price,,,,,,,,,,3.18,nearest pivot/Square9 resistance above current price,3.31,second-nearest resistance above current price (T2)
ASST,2026-07-22,769197,3691194,8.907,,,,,,19.075,,,,,,29.48,1.01,6.06,69.7,2.285,trained,69.937,0.0,1.03,62.89,6.637,trained,12.72,,12.61,nearest pivot/Square9 support below current price,12.23,second-nearest support below current price,,,,,,,,,,13.35,nearest pivot/Square9 resistance above current price,13.71,second-nearest resistance above current price (T2)
EDHL,2026-07-22,3839,352671,7.667,,,,,,10.349,4.76,19.05,61.9,57.161,trained,9.493,8.06,16.13,67.74,71.587,trained,4.651,,,,,,3.72,,3.69,nearest pivot/Square9 support below current price,3.5,second-nearest support below current price,,,,,,,,,,4.0,nearest pivot/Square9 resistance above current price,4.1,second-nearest resistance above current price (T2)
JLHL,2026-07-22,205821,6478521,14.27,,,,,,17.975,1.89,5.66,56.6,104.786,trained,20.827,3.85,11.54,67.31,66.238,trained,33.929,0.0,2.0,62.0,154.579,trained,6.88,,6.43,nearest pivot/Square9 support below current price,5.65,second-nearest support below current price,,,,,,,,,,8.55,nearest pivot/Square9 resistance above current price,9.33,second-nearest resistance above current price (T2)
ZENA,2026-07-22,1082896,1967229,6.786,,,,,,9.801,13.33,31.11,61.8,5.067,trained,12.439,2.25,6.74,51.72,,,11.961,,,,,,1.53,,1.45,nearest pivot/Square9 support below current price,1.39,second-nearest support below current price,,,,,,,,,,1.57,nearest pivot/Square9 resistance above current price,1.63,second-nearest resistance above current price (T2)
LHSW,2026-07-22,847106,5838855,9.42,,,,,,2.647,,,,,,-0.124,4.69,21.88,34.38,,,4.178,0.0,6.45,45.9,,,2.67,,2.14,nearest pivot/Square9 support below current price,2.06,second-nearest support below current price,,,,,,,,,,2.94,no resistance level identified — 10% swing target used as a reference floor,,no second resistance level identified
HTCO,2026-07-22,61407,145805,6.926,,,,,,11.292,,,,,,12.139,5.05,10.1,45.45,,,17.914,1.03,5.15,38.14,,,2.86,,2.82,nearest pivot/Square9 support below current price,2.62,second-nearest support below current price,,,,,,,,,,3.15,nearest pivot/Square9 resistance above current price,3.28,second-nearest resistance above current price (T2)
WXM,2026-07-22,6071,152528,7.639,,,,,,5.747,10.77,23.08,61.9,16.592,trained,6.153,6.25,18.75,53.23,,,4.242,8.06,25.81,48.39,,,3.4,,3.2,nearest pivot/Square9 support below current price,3.0,second-nearest support below current price,,,,,,,,,,3.5,nearest pivot/Square9 resistance above current price,3.6,second-nearest resistance above current price (T2)
WYHG,2026-07-22,4586,187469,5.716,,,,,,11.127,12.2,29.27,70.37,60.101,trained,9.206,6.17,20.99,71.25,34.981,trained,-4.57,1.27,6.33,45.57,,,3.47,,3.47,nearest pivot/Square9 support below current price,3.19,second-nearest support below current price,,,,,,,,,,3.96,nearest pivot/Square9 resistance above current price,4.17,second-nearest resistance above current price (T2)
PSNYW,2026-07-22,52633,182611,8.009,,,,,,17.088,,,,,,-6.216,,,,,,0.486,,,,,,2.7,,2.63,nearest pivot/Square9 support below current price,2.39,second-nearest support below current price,,,,,,,,,,3.3,nearest pivot/Square9 resistance above current price,3.73,second-nearest resistance above current price (T2)
PRHIZ,2026-07-15,5214,1968,4.23,,,,,,3.643,,,,,,2.999,,,,,,5.031,,,,,,17.13,,16.85,nearest pivot/Square9 support below current price,16.68,second-nearest support below current price,,,,,,,,,,17.66,nearest pivot/Square9 resistance above current price,17.83,second-nearest resistance above current price (T2)
EUDA,2026-07-22,1422,2861,6.525,,,,,,6.611,,,,,,10.343,7.07,12.12,44.44,,,11.656,4.12,9.28,41.24,,,14.26,,13.83,nearest pivot/Square9 support below current price,13.38,second-nearest support below current price,,,,,,,,,,15.74,nearest pivot/Square9 resistance above current price,16.19,second-nearest resistance above current price (T2)
BLIV,2026-07-21,0,1900,1.074,44.62,67.69,61.29,,,-0.508,26.56,57.81,67.8,-1.819,trained,-0.298,26.98,58.73,52.46,,,-1.106,22.95,55.74,67.92,-1.054,trained,2.38,,2.38,nearest pivot/Square9 support below current price,,no second support level identified,,,,,,,,,,2.62,no resistance level identified — 10% swing target used as a reference floor,,no second resistance level identified
PFAI,2026-07-21,2600,985,3.251,20.63,55.56,51.02,,,4.054,3.23,11.29,48.39,,,5.673,11.48,29.51,50.0,,,7.459,,,,,,3.53,,3.33,nearest pivot/Square9 support below current price,,no second support level identified,,,,,,,,,,3.88,no resistance level identified — 10% swing target used as a reference floor,,no second resistance level identified
DJT,2026-07-22,935560,5288498,2.996,,,,,,3.896,,,,,,4.418,11.11,25.25,51.52,,,-4.301,14.43,34.02,57.73,-8.433,trained,9.74,,9.64,nearest pivot/Square9 support below current price,9.47,second-nearest support below current price,,,,,,,,,,9.96,nearest pivot/Square9 resistance above current price,10.11,second-nearest resistance above current price (T2)
CELZ,2026-07-22,69483,10133504,5.078,,,,,,6.337,22.0,48.0,68.42,10.4,trained,4.961,17.17,46.46,64.95,8.063,trained,5.317,14.43,32.99,63.92,9.139,trained,0.85,,0.8,nearest pivot/Square9 support below current price,0.77,second-nearest support below current price,,,,,,,,,,0.88,nearest pivot/Square9 resistance above current price,0.93,second-nearest resistance above current price (T2)
SERA,2026-07-22,3745,33752,4.322,,,,,,2.605,18.0,43.0,71.0,6.386,trained,0.16,11.11,18.18,54.55,,,-2.301,4.12,9.28,69.07,-1.513,trained,2.19,,2.14,nearest pivot/Square9 support below current price,2.01,second-nearest support below current price,,,,,,,,,,2.35,nearest pivot/Square9 resistance above current price,2.43,second-nearest resistance above current price (T2)
RDAC,2026-07-22,3613,15355,12.41,,,,,,3.362,,,,,,0.232,,,,,,-8.148,,,,,,5.81,,5.31,nearest pivot/Square9 support below current price,3.92,second-nearest support below current price,,,,,,,,,,8.01,nearest pivot/Square9 resistance above current price,9.32,second-nearest resistance above current price (T2)
