ticker,as_of_date,h1_pct_change,h1_accuracy_within_2pct,h1_accuracy_within_5pct,h1_direction_accuracy,h1_calibrated_pct_change,h5_pct_change,h5_accuracy_within_2pct,h5_accuracy_within_5pct,h5_direction_accuracy,h5_calibrated_pct_change,h10_pct_change,h10_accuracy_within_2pct,h10_accuracy_within_5pct,h10_direction_accuracy,h10_calibrated_pct_change,h20_pct_change,h20_accuracy_within_2pct,h20_accuracy_within_5pct,h20_direction_accuracy,h20_calibrated_pct_change,current_price,ai_target_pct,entry_price,entry_basis,stop_loss_price,stop_loss_basis,exit_price,exit_basis,target2_price,target2_basis,exit_days_estimate,target3_price,target3_basis,target3_plus_price,target3_plus_basis
EDHL,2026-07-17,8.99,11.11,25.4,67.74,29.443,10.688,8.06,19.35,61.29,62.9,9.481,,,,,4.602,,,,,3.91,29.443,3.27,nearest pivot/Square9 support below current price,2.28,second-nearest support below current price,5.51,nearest real resistance to AI target (+29.4%) — reordered (T1),6.75,second-closest real resistance to AI target (T2),,,,,
CUPR,2026-07-17,6.29,20.31,53.12,77.42,23.475,5.895,,,,,8.089,1.61,12.9,54.84,,10.803,,,,,3.97,23.475,3.9,nearest pivot/Square9 support below current price,3.78,second-nearest support below current price,4.46,nearest real resistance to AI target (+23.5%) — reordered (T1),4.24,second-closest real resistance to AI target (T2),,,,5.05,extended level (Fibonacci extension / multi-rotation Square9) beyond normal T1-T3 — needed because AI target (+23.5%) exceeds all standard resistance levels for this ticker
SKYQ,2026-07-17,9.011,4.49,28.09,73.56,23.056,9.155,1.14,7.95,46.59,,11.935,,,,,18.7,,,,,3.8,23.056,3.45,nearest pivot/Square9 support below current price,3.07,second-nearest support below current price,4.37,nearest real resistance to AI target (+23.1%) — reordered (T1),4.1,second-closest real resistance to AI target (T2),,,,4.56,extended level (Fibonacci extension / multi-rotation Square9) beyond normal T1-T3 — needed because AI target (+23.1%) exceeds all standard resistance levels for this ticker
OIO,2026-07-17,8.498,22.0,67.0,79.59,19.696,5.676,21.0,43.0,63.27,11.37,-0.364,10.1,32.32,59.6,-0.656,20.155,5.15,13.4,45.83,,2.11,19.696,1.77,nearest pivot/Square9 support below current price,1.64,second-nearest support below current price,2.32,nearest real resistance to AI target (+19.7%) — reordered (T1),2.11,second-closest real resistance to AI target (T2),,,,2.52,extended level (Fibonacci extension / multi-rotation Square9) beyond normal T1-T3 — needed because AI target (+19.7%) exceeds all standard resistance levels for this ticker
PN,2026-07-17,7.67,31.88,53.62,88.06,16.964,7.327,,,,,5.545,13.43,23.88,67.16,104.0,-4.194,6.15,18.46,46.88,,4.11,16.964,3.76,nearest pivot/Square9 support below current price,3.69,second-nearest support below current price,4.52,nearest real resistance to AI target (+17.0%) — reordered (T1),,no second resistance level identified,,,,4.89,extended level (Fibonacci extension / multi-rotation Square9) beyond normal T1-T3 — needed because AI target (+17.0%) exceeds all standard resistance levels for this ticker
INV,2026-07-17,9.983,35.0,71.0,89.0,14.556,7.839,9.0,23.0,68.37,36.13,18.291,14.14,24.24,69.7,104.757,35.654,5.15,12.37,64.95,587.409,3.37,14.556,2.94,nearest pivot/Square9 support below current price,2.43,second-nearest support below current price,4.33,nearest real resistance to AI target (+14.6%) — reordered (T1),4.85,second-closest real resistance to AI target (T2),,,,,
FBYD,2026-07-17,8.282,24.0,54.0,90.82,13.702,13.842,8.0,27.0,75.0,59.3,2.018,7.07,12.12,76.77,12.321,14.303,1.03,5.15,84.54,90.263,11.1,13.702,10.51,nearest pivot/Square9 support below current price,,no second support level identified,12.93,nearest real resistance to AI target (+13.7%) — reordered (T1),13.61,second-closest real resistance to AI target (T2),,,,,
VRM,2026-07-17,6.534,40.85,80.28,88.57,11.975,7.369,,,,,1.164,11.59,18.84,55.07,5.714,-1.289,,,,,7.13,11.975,7.01,nearest pivot/Square9 support below current price,6.83,second-nearest support below current price,7.67,nearest real resistance to AI target (+12.0%) — reordered (T1),7.43,second-closest real resistance to AI target (T2),,,,7.85,extended level (Fibonacci extension / multi-rotation Square9) beyond normal T1-T3 — needed because AI target (+12.0%) exceeds all standard resistance levels for this ticker
MIMI,2026-07-17,6.673,22.37,57.89,80.82,11.682,2.232,9.33,28.0,57.33,10.086,0.892,8.11,12.16,55.41,5.159,-1.704,4.17,18.06,65.28,-31.686,2.46,11.682,2.37,nearest pivot/Square9 support below current price,2.24,second-nearest support below current price,2.77,nearest real resistance to AI target (+11.7%) — reordered (T1),3.04,second-closest real resistance to AI target (T2),,,,,
IOTR,2026-07-17,6.008,23.44,62.5,84.13,11.633,2.135,,,,,-2.384,16.13,32.26,67.74,-6.583,-15.85,,,,,3.45,11.633,3.31,nearest pivot/Square9 support below current price,3.12,second-nearest support below current price,3.72,nearest real resistance to AI target (+11.6%) — reordered (T1),3.61,second-closest real resistance to AI target (T2),,,,3.74,extended level (Fibonacci extension / multi-rotation Square9) beyond normal T1-T3 — needed because AI target (+11.6%) exceeds all standard resistance levels for this ticker
FGI,2026-07-17,6.437,27.0,64.0,86.87,11.545,7.237,7.0,24.0,55.0,29.247,7.666,9.09,18.18,51.52,,21.474,2.06,6.19,40.21,,4.32,11.545,4.07,nearest pivot/Square9 support below current price,,no second support level identified,4.93,nearest real resistance to AI target (+11.5%) — reordered (T1),5.2,second-closest real resistance to AI target (T2),,,,,
HTLM,2026-07-17,3.556,33.33,75.56,77.11,9.999,3.979,21.35,48.31,67.42,7.936,4.58,12.5,36.36,64.37,9.288,4.456,15.12,39.53,61.18,8.649,2.02,9.999,1.87,nearest pivot/Square9 support below current price,1.81,second-nearest support below current price,2.13,nearest real resistance to AI target (+10.0%) — reordered (T1),2.07,second-closest real resistance to AI target (T2),,,,2.16,extended level (Fibonacci extension / multi-rotation Square9) beyond normal T1-T3 — needed because AI target (+10.0%) exceeds all standard resistance levels for this ticker
ATOM,2026-07-17,5.192,27.0,59.0,77.78,9.872,4.858,8.0,17.0,57.0,13.244,-1.275,5.05,14.14,63.27,-3.961,0.457,,,,,5.62,9.872,5.45,nearest pivot/Square9 support below current price,5.2,second-nearest support below current price,6.33,nearest real resistance to AI target (+9.9%) — reordered (T1),6.01,second-closest real resistance to AI target (T2),,,,,
RIOX,2026-07-17,7.549,24.68,54.55,80.52,9.829,19.459,5.26,19.74,60.53,75.762,29.321,5.33,12.0,70.67,113.653,11.971,2.74,9.59,78.08,94.261,24.67,9.829,24.48,nearest pivot/Square9 support below current price,22.69,second-nearest support below current price,28.3,nearest real resistance to AI target (+9.8%) — reordered (T1),30.34,second-closest real resistance to AI target (T2),,,,,
FATN,2026-07-17,6.671,28.12,64.06,92.19,9.779,3.6,14.29,23.81,55.56,18.003,0.281,4.84,12.9,67.74,,-0.923,,,,,4.54,9.779,4.4,nearest pivot/Square9 support below current price,4.25,second-nearest support below current price,4.87,nearest real resistance to AI target (+9.8%) — reordered (T1),4.71,second-closest real resistance to AI target (T2),,,,5.81,extended level (Fibonacci extension / multi-rotation Square9) beyond normal T1-T3 — needed because AI target (+9.8%) exceeds all standard resistance levels for this ticker
BMGL,2026-07-17,6.035,28.57,64.29,76.12,9.3,4.117,20.29,37.68,61.76,21.418,3.277,19.12,39.71,69.12,9.074,-1.316,15.15,37.88,47.69,,5.26,9.3,5.21,nearest pivot/Square9 support below current price,4.91,second-nearest support below current price,5.89,nearest real resistance to AI target (+9.3%) — reordered (T1),6.19,second-closest real resistance to AI target (T2),,,,,
ALMU,2026-07-17,6.203,30.0,60.0,78.0,9.123,12.557,3.0,21.0,56.0,27.623,17.918,4.04,17.17,57.14,61.478,24.102,,,,,14.6,9.123,14.18,nearest pivot/Square9 support below current price,13.59,second-nearest support below current price,15.72,nearest real resistance to AI target (+9.1%) — reordered (T1),16.31,second-closest real resistance to AI target (T2),,,,,
RGTU,2026-07-17,5.978,22.22,48.15,81.48,9.053,19.336,9.43,15.09,50.94,,36.725,0.0,5.77,44.23,,55.779,2.0,6.0,48.0,,9.86,9.053,9.25,nearest pivot/Square9 support below current price,8.72,second-nearest support below current price,10.71,nearest real resistance to AI target (+9.1%) — reordered (T1),11.64,second-closest real resistance to AI target (T2),,,,,
ADVB,2026-07-17,6.705,24.64,59.42,80.88,8.881,11.392,17.65,26.47,64.71,57.61,19.298,1.49,19.4,80.6,35.858,31.029,7.69,10.77,66.15,87.006,5.03,8.881,4.71,nearest pivot/Square9 support below current price,4.53,second-nearest support below current price,5.59,nearest real resistance to AI target (+8.9%) — reordered (T1),5.24,second-closest real resistance to AI target (T2),,,,,
CVKD,2026-07-17,6.689,42.0,77.0,95.96,8.749,5.189,3.0,21.0,51.02,,4.812,7.07,13.13,42.42,,4.617,3.09,8.25,39.18,,2.16,8.749,2.13,nearest pivot/Square9 support below current price,1.96,second-nearest support below current price,2.5,nearest real resistance to AI target (+8.7%) — reordered (T1),2.67,second-closest real resistance to AI target (T2),,,,,
ANNA,2026-07-17,5.06,28.0,49.0,81.25,8.692,5.232,10.0,21.0,61.22,37.177,5.692,5.05,17.17,53.54,,5.4,,,,,3.44,8.692,3.18,nearest pivot/Square9 support below current price,2.98,second-nearest support below current price,3.82,nearest real resistance to AI target (+8.7%) — reordered (T1),3.6,second-closest real resistance to AI target (T2),,,,,
ABSI,2026-07-17,4.804,42.0,66.0,85.0,8.598,5.995,9.0,28.0,76.77,34.335,9.205,7.07,15.15,58.59,57.569,14.267,,,,,8.3,8.598,7.68,nearest pivot/Square9 support below current price,7.14,second-nearest support below current price,9.19,nearest real resistance to AI target (+8.6%) — reordered (T1),10.16,second-closest real resistance to AI target (T2),,,,,
ARTV,2026-07-17,6.458,29.0,71.0,94.0,8.545,7.04,12.12,32.32,70.71,27.459,8.135,8.16,18.37,70.1,47.77,7.1,3.12,8.33,73.96,77.402,9.76,8.545,8.64,nearest pivot/Square9 support below current price,8.25,second-nearest support below current price,10.69,nearest real resistance to AI target (+8.5%) — reordered (T1),10.3,second-closest real resistance to AI target (T2),,,,,
NBIS,2026-07-17,5.493,37.93,67.82,86.21,8.443,7.323,8.14,23.26,69.77,22.916,10.016,3.53,11.76,63.53,53.272,-0.544,7.23,15.66,89.16,-1.877,177.71,8.443,162.97,nearest pivot/Square9 support below current price,154.16,second-nearest support below current price,186.84,nearest real resistance to AI target (+8.4%) — reordered (T1),201.9,second-closest real resistance to AI target (T2),,,,,
QXL,2026-07-17,5.509,32.0,72.0,91.75,8.262,7.73,20.0,40.0,82.83,27.918,8.949,10.1,26.26,84.69,48.319,10.644,5.15,15.46,20.83,,4.81,8.262,4.64,nearest pivot/Square9 support below current price,4.48,second-nearest support below current price,5.19,nearest real resistance to AI target (+8.3%) — reordered (T1),5.0,second-closest real resistance to AI target (T2),,,,5.34,extended level (Fibonacci extension / multi-rotation Square9) beyond normal T1-T3 — needed because AI target (+8.3%) exceeds all standard resistance levels for this ticker
KBSX,2026-07-17,3.697,51.0,84.0,84.15,8.114,1.867,18.0,36.0,60.2,9.629,-0.352,14.14,34.34,40.62,,-3.872,6.19,12.37,39.58,,0.86,8.114,0.81,nearest pivot/Square9 support below current price,0.75,second-nearest support below current price,0.98,nearest real resistance to AI target (+8.1%) — reordered (T1),1.09,second-closest real resistance to AI target (T2),,,,,
NVTS,2026-07-17,5.44,24.0,55.0,80.0,7.928,6.301,9.0,18.0,43.0,,11.5,5.05,18.18,63.64,48.417,22.39,4.12,11.34,70.1,81.924,11.46,7.928,11.26,nearest pivot/Square9 support below current price,10.76,second-nearest support below current price,12.56,nearest real resistance to AI target (+7.9%) — reordered (T1),13.37,second-closest real resistance to AI target (T2),,,,,
SUIG,2026-07-17,4.015,34.0,77.0,81.91,7.605,5.246,12.0,29.0,55.67,25.833,10.408,9.09,22.22,54.08,,24.345,13.4,26.8,81.25,63.302,1.13,7.605,1.09,nearest pivot/Square9 support below current price,1.06,second-nearest support below current price,1.22,nearest real resistance to AI target (+7.6%) — reordered (T1),1.17,second-closest real resistance to AI target (T2),,,,,
ALOY,2026-07-17,6.201,22.0,53.0,78.79,7.558,15.416,4.0,15.0,53.54,,14.525,7.07,14.14,53.54,,20.248,5.15,13.4,56.7,49.666,8.89,7.558,8.53,nearest pivot/Square9 support below current price,7.71,second-nearest support below current price,10.61,nearest real resistance to AI target (+7.6%) — reordered (T1),11.43,second-closest real resistance to AI target (T2),,,,,
SORA,2026-07-17,5.267,18.46,66.15,91.94,7.491,2.768,12.5,32.81,67.19,4.402,1.539,11.11,26.98,58.06,4.205,-0.927,1.64,9.84,50.0,,1.73,7.491,1.45,nearest pivot/Square9 support below current price,1.22,second-nearest support below current price,2.03,nearest real resistance to AI target (+7.5%) — reordered (T1),2.38,second-closest real resistance to AI target (T2),,,,,
SILO,2026-07-17,4.679,36.0,69.0,78.57,7.46,5.874,15.0,40.0,63.27,23.528,1.474,7.07,17.17,67.35,12.351,2.433,12.37,24.74,51.04,,4.86,7.46,4.7,nearest pivot/Square9 support below current price,4.62,second-nearest support below current price,5.08,nearest real resistance to AI target (+7.5%) — reordered (T1),4.93,second-closest real resistance to AI target (T2),,,,5.51,extended level (Fibonacci extension / multi-rotation Square9) beyond normal T1-T3 — needed because AI target (+7.5%) exceeds all standard resistance levels for this ticker
RDW,2026-07-17,4.871,32.0,61.0,79.0,7.359,7.255,10.0,21.0,75.76,17.797,8.455,9.09,16.16,58.16,33.656,25.356,2.06,20.62,63.92,81.41,8.45,7.359,8.17,nearest pivot/Square9 support below current price,7.89,second-nearest support below current price,8.92,nearest real resistance to AI target (+7.4%) — reordered (T1),9.4,second-closest real resistance to AI target (T2),,,,,
SHMD,2026-07-17,5.93,24.0,62.0,83.67,7.345,8.992,10.0,25.0,57.58,12.681,15.584,5.05,13.13,52.53,,11.267,3.09,5.15,41.24,,4.25,7.345,4.09,nearest pivot/Square9 support below current price,3.87,second-nearest support below current price,4.55,nearest real resistance to AI target (+7.3%) — reordered (T1),4.79,second-closest real resistance to AI target (T2),,,,,
VOYG,2026-07-17,4.072,29.09,65.45,76.36,7.265,2.007,7.27,16.36,56.36,11.181,-0.284,5.56,9.26,46.3,,2.901,3.85,9.62,53.85,,25.9,7.265,24.52,nearest pivot/Square9 support below current price,24.01,second-nearest support below current price,26.81,nearest real resistance to AI target (+7.3%) — reordered (T1),25.92,second-closest real resistance to AI target (T2),,,,31.99,extended level (Fibonacci extension / multi-rotation Square9) beyond normal T1-T3 — needed because AI target (+7.3%) exceeds all standard resistance levels for this ticker
INTJ,2026-07-17,5.477,20.0,59.0,72.94,7.096,4.066,17.0,38.0,53.0,,3.136,15.15,31.31,50.51,,2.291,7.22,16.49,54.64,,3.17,7.096,3.17,no support level identified below current price — current price used,,no second support level identified,3.57,nearest real resistance to AI target (+7.1%) — reordered (T1),3.6,second-closest real resistance to AI target (T2),,,,,
AEVA,2026-07-17,5.016,34.0,67.0,87.0,7.058,7.88,11.0,29.0,69.0,16.744,10.859,9.09,25.25,61.62,15.867,15.774,9.28,23.71,75.26,27.309,16.71,7.058,16.03,nearest pivot/Square9 support below current price,15.29,second-nearest support below current price,17.86,nearest real resistance to AI target (+7.1%) — reordered (T1),18.95,second-closest real resistance to AI target (T2),,,,,
BVC,2026-07-17,9.197,8.0,19.0,72.73,6.887,19.516,4.0,7.0,68.0,9.906,33.299,1.01,6.06,67.68,12.451,18.626,0.0,1.03,69.79,4.859,10.84,6.887,10.82,nearest pivot/Square9 support below current price,10.52,second-nearest support below current price,11.4,nearest real resistance to AI target (+6.9%) — reordered (T1),11.26,second-closest real resistance to AI target (T2),,,,11.5,extended level (Fibonacci extension / multi-rotation Square9) beyond normal T1-T3 — needed because AI target (+6.9%) exceeds all standard resistance levels for this ticker
FLNC,2026-07-17,4.439,28.0,74.0,84.0,6.828,6.598,13.0,32.0,58.0,43.76,6.779,6.06,16.16,46.46,,10.806,5.15,9.28,30.93,,14.07,6.828,13.89,nearest pivot/Square9 support below current price,13.37,second-nearest support below current price,15.02,nearest real resistance to AI target (+6.8%) — reordered (T1),15.63,second-closest real resistance to AI target (T2),,,,,
RAIN,2026-07-17,6.118,23.38,55.84,89.19,6.598,6.672,6.58,21.05,50.0,,7.005,6.67,9.33,40.0,,13.123,6.85,16.44,36.99,,1.55,6.598,1.48,nearest pivot/Square9 support below current price,1.45,second-nearest support below current price,1.65,nearest real resistance to AI target (+6.6%) — reordered (T1),1.68,second-closest real resistance to AI target (T2),,,,,
HIVE,2026-07-17,4.228,23.0,70.0,81.82,6.576,3.681,10.0,27.0,66.0,13.028,0.203,13.13,24.24,65.31,0.996,3.448,14.43,27.84,70.1,5.224,2.85,6.576,2.8,nearest pivot/Square9 support below current price,2.71,second-nearest support below current price,3.04,nearest real resistance to AI target (+6.6%) — reordered (T1),3.19,second-closest real resistance to AI target (T2),,,,,
CCCC,2026-07-17,4.515,34.0,82.0,92.93,6.559,4.985,12.0,31.0,74.0,19.175,5.411,5.05,26.26,76.53,32.219,5.523,7.22,15.46,54.17,,3.69,6.559,3.48,nearest pivot/Square9 support below current price,3.37,second-nearest support below current price,3.85,nearest real resistance to AI target (+6.6%) — reordered (T1),3.72,second-closest real resistance to AI target (T2),,,,4.58,extended level (Fibonacci extension / multi-rotation Square9) beyond normal T1-T3 — needed because AI target (+6.6%) exceeds all standard resistance levels for this ticker
WFF,2026-07-17,6.292,24.24,51.52,85.94,6.544,5.337,4.62,12.31,65.62,4.606,2.37,1.56,4.69,29.69,,2.269,0.0,1.61,45.16,,2.1,6.544,1.95,nearest pivot/Square9 support below current price,1.8,second-nearest support below current price,2.46,nearest real resistance to AI target (+6.5%) — reordered (T1),2.61,second-closest real resistance to AI target (T2),,,,,
SHIM,2026-07-17,4.631,38.0,79.0,94.85,6.543,5.364,14.0,38.0,69.7,13.686,6.948,10.1,27.27,60.61,22.768,6.732,7.22,18.56,49.48,,3.71,6.543,3.5,nearest pivot/Square9 support below current price,3.28,second-nearest support below current price,3.95,nearest real resistance to AI target (+6.5%) — reordered (T1),4.18,second-closest real resistance to AI target (T2),,,,,
ETHU,2026-07-17,3.823,15.0,56.0,64.29,6.51,3.209,6.0,23.0,55.0,7.549,2.677,13.13,25.25,51.52,,0.298,4.12,21.65,51.55,,15.39,6.51,15.16,nearest pivot/Square9 support below current price,,no second support level identified,16.47,nearest real resistance to AI target (+6.5%) — reordered (T1),16.2,second-closest real resistance to AI target (T2),,,,,
TELO,2026-07-17,5.461,50.0,89.0,86.81,6.425,3.563,23.0,58.0,68.75,5.903,3.437,27.27,50.51,67.02,17.281,13.126,20.62,47.42,54.74,,1.11,6.425,1.09,nearest pivot/Square9 support below current price,,no second support level identified,1.23,nearest real resistance to AI target (+6.4%) — reordered (T1),1.28,second-closest real resistance to AI target (T2),,,,,
FOXX,2026-07-17,6.569,21.0,55.0,79.35,6.412,4.394,12.0,21.0,44.0,,5.407,7.07,16.16,55.56,5.399,6.52,2.06,4.12,40.21,,2.73,6.412,2.72,nearest pivot/Square9 support below current price,2.68,second-nearest support below current price,2.88,nearest real resistance to AI target (+6.4%) — reordered (T1),2.84,second-closest real resistance to AI target (T2),,,,3.25,extended level (Fibonacci extension / multi-rotation Square9) beyond normal T1-T3 — needed because AI target (+6.4%) exceeds all standard resistance levels for this ticker
BTDR,2026-07-17,4.961,29.0,66.0,83.0,6.378,2.77,18.0,41.0,72.0,5.495,-7.715,7.07,22.22,67.68,-16.938,2.913,3.09,10.31,72.16,7.102,10.74,6.378,10.68,nearest pivot/Square9 support below current price,10.12,second-nearest support below current price,12.08,nearest real resistance to AI target (+6.4%) — reordered (T1),12.92,second-closest real resistance to AI target (T2),,,,,
AARD,2026-07-17,5.061,33.33,80.56,90.14,6.368,9.518,8.45,25.35,67.61,35.912,9.056,10.0,18.57,70.0,60.467,8.146,2.94,4.41,57.35,41.696,5.86,6.368,5.55,nearest pivot/Square9 support below current price,5.17,second-nearest support below current price,6.71,nearest real resistance to AI target (+6.4%) — reordered (T1),7.09,second-closest real resistance to AI target (T2),,,,,
SUPX,2026-07-17,4.982,29.0,72.0,89.9,6.352,6.837,9.0,19.0,58.59,11.169,7.19,4.04,9.09,39.8,,9.104,8.25,19.59,46.39,,7.54,6.352,7.36,nearest pivot/Square9 support below current price,7.02,second-nearest support below current price,7.97,nearest real resistance to AI target (+6.4%) — reordered (T1),8.24,second-closest real resistance to AI target (T2),,,,,
ALAB,2026-07-17,3.909,31.0,70.0,82.0,6.348,6.141,18.0,33.0,75.0,25.597,9.27,10.1,22.22,73.47,44.515,16.71,,,,,303.62,6.348,298.79,nearest pivot/Square9 support below current price,283.95,second-nearest support below current price,334.58,nearest real resistance to AI target (+6.3%) — reordered (T1),349.42,second-closest real resistance to AI target (T2),,,,,
ZJK,2026-07-17,5.257,23.33,64.44,91.46,6.338,6.874,19.1,35.96,70.11,10.905,9.766,5.68,19.32,62.07,9.569,14.974,5.81,18.6,73.26,39.264,1.93,6.338,1.87,nearest pivot/Square9 support below current price,1.74,second-nearest support below current price,2.14,nearest real resistance to AI target (+6.3%) — reordered (T1),2.29,second-closest real resistance to AI target (T2),,,,,
HUT,2026-07-17,4.831,38.0,74.0,80.0,6.305,4.791,16.0,33.0,65.0,11.116,5.158,13.13,24.24,62.63,12.975,10.516,3.09,5.15,64.95,27.18,91.45,6.305,87.4,nearest pivot/Square9 support below current price,82.88,second-nearest support below current price,99.05,nearest real resistance to AI target (+6.3%) — reordered (T1),106.18,second-closest real resistance to AI target (T2),,,,,
WAVE,2026-07-17,4.887,34.0,78.0,92.71,6.267,-4.764,17.0,42.0,81.82,-8.405,3.727,9.09,23.23,77.78,7.93,13.575,10.31,23.71,87.63,25.424,8.71,6.267,8.54,nearest pivot/Square9 support below current price,8.22,second-nearest support below current price,9.33,nearest real resistance to AI target (+6.3%) — reordered (T1),9.09,second-closest real resistance to AI target (T2),,,,,
TKNO,2026-07-17,4.918,34.0,79.0,90.91,6.206,6.055,14.0,25.0,76.0,17.886,12.826,10.1,21.21,83.84,51.922,18.98,6.19,16.49,96.88,105.136,5.42,6.206,5.07,nearest pivot/Square9 support below current price,4.83,second-nearest support below current price,5.75,nearest real resistance to AI target (+6.2%) — reordered (T1),5.53,second-closest real resistance to AI target (T2),,,,5.88,extended level (Fibonacci extension / multi-rotation Square9) beyond normal T1-T3 — needed because AI target (+6.2%) exceeds all standard resistance levels for this ticker
NTHI,2026-07-17,5.967,15.15,77.27,96.83,6.203,5.705,7.69,27.69,52.31,,5.459,4.69,12.5,42.19,,5.475,,,,,3.46,6.203,2.86,nearest pivot/Square9 support below current price,2.46,second-nearest support below current price,3.79,nearest real resistance to AI target (+6.2%) — reordered (T1),4.33,second-closest real resistance to AI target (T2),,,,,
ROBN,2026-07-17,3.747,28.77,56.16,79.45,6.167,4.472,4.11,16.44,64.38,11.657,4.383,6.94,12.5,73.61,7.813,3.894,7.14,22.86,78.57,3.103,29.05,6.167,28.44,nearest pivot/Square9 support below current price,24.48,second-nearest support below current price,36.68,nearest real resistance to AI target (+6.2%) — reordered (T1),40.64,second-closest real resistance to AI target (T2),,,,,
PDC,2026-07-17,6.541,24.0,61.0,92.93,6.122,4.366,9.0,24.0,67.0,5.556,9.887,5.05,15.15,59.18,18.874,11.58,10.31,25.77,60.82,27.286,3.57,6.122,3.32,nearest pivot/Square9 support below current price,3.12,second-nearest support below current price,3.92,nearest real resistance to AI target (+6.1%) — reordered (T1),4.32,second-closest real resistance to AI target (T2),,,,,
HTCR,2026-07-17,5.25,29.0,65.0,83.51,6.106,4.895,17.0,41.0,58.76,11.114,2.881,12.12,30.3,48.48,,4.029,10.31,20.62,50.52,,2.51,6.106,2.5,nearest pivot/Square9 support below current price,2.39,second-nearest support below current price,2.76,nearest real resistance to AI target (+6.1%) — reordered (T1),2.91,second-closest real resistance to AI target (T2),,,,,
WTF,2026-07-17,4.141,33.85,76.92,93.65,6.085,8.859,15.62,31.25,71.88,20.267,18.195,7.94,23.81,55.56,58.325,18.592,11.48,27.87,53.33,,3.01,6.085,2.96,nearest pivot/Square9 support below current price,2.93,second-nearest support below current price,3.15,nearest real resistance to AI target (+6.1%) — reordered (T1),3.07,second-closest real resistance to AI target (T2),,,,3.27,extended level (Fibonacci extension / multi-rotation Square9) beyond normal T1-T3 — needed because AI target (+6.1%) exceeds all standard resistance levels for this ticker
ETHT,2026-07-17,3.732,17.0,56.0,66.0,6.075,3.151,7.0,25.0,54.0,,2.816,11.11,24.24,50.51,,2.306,5.15,22.68,51.55,,9.98,6.075,9.87,nearest pivot/Square9 support below current price,,no second support level identified,10.51,nearest real resistance to AI target (+6.1%) — reordered (T1),10.68,second-closest real resistance to AI target (T2),,,,,
PODC,2026-07-17,4.733,39.0,78.0,92.39,6.065,6.152,12.0,33.0,69.7,12.742,7.867,12.12,30.3,65.66,22.716,9.265,6.19,21.65,56.84,46.051,4.08,6.065,3.87,nearest pivot/Square9 support below current price,3.75,second-nearest support below current price,4.23,nearest real resistance to AI target (+6.1%) — reordered (T1),4.47,second-closest real resistance to AI target (T2),,,,,
CLYM,2026-07-17,5.569,42.0,88.0,95.96,5.91,11.749,20.0,48.0,82.0,27.258,8.615,10.1,25.25,65.66,32.409,18.807,1.03,3.09,68.04,62.09,12.7,5.91,11.78,nearest pivot/Square9 support below current price,10.98,second-nearest support below current price,13.61,nearest real resistance to AI target (+5.9%) — reordered (T1),14.64,second-closest real resistance to AI target (T2),,,,,
NBTX,2026-07-17,3.594,34.0,69.0,74.49,5.887,6.5,16.0,30.0,62.0,12.653,9.073,15.15,28.28,68.69,18.395,14.977,10.31,18.56,71.13,26.657,37.79,5.887,36.29,nearest pivot/Square9 support below current price,35.05,second-nearest support below current price,39.79,nearest real resistance to AI target (+5.9%) — reordered (T1),38.66,second-closest real resistance to AI target (T2),,,,43.27,extended level (Fibonacci extension / multi-rotation Square9) beyond normal T1-T3 — needed because AI target (+5.9%) exceeds all standard resistance levels for this ticker
TSSI,2026-07-17,4.945,24.0,71.0,80.81,5.785,1.76,16.0,35.0,65.0,3.31,-0.31,4.04,20.2,69.7,-0.532,44.575,7.22,21.65,62.89,63.212,9.76,5.785,9.36,nearest pivot/Square9 support below current price,8.86,second-nearest support below current price,10.42,nearest real resistance to AI target (+5.8%) — reordered (T1),10.98,second-closest real resistance to AI target (T2),,,,,
CAMP,2026-07-17,7.101,35.23,80.68,97.7,5.691,9.988,19.32,45.45,78.41,9.149,7.398,19.54,39.08,72.41,9.21,8.39,9.41,14.12,70.24,3.308,3.71,5.691,3.64,nearest pivot/Square9 support below current price,3.39,second-nearest support below current price,4.16,nearest real resistance to AI target (+5.7%) — reordered (T1),4.41,second-closest real resistance to AI target (T2),,,,,
CLSK,2026-07-17,4.458,33.0,78.0,82.0,5.668,3.984,16.0,32.0,71.0,11.728,-0.465,13.13,36.36,82.65,-1.657,2.767,,,,,13.03,5.668,12.38,nearest pivot/Square9 support below current price,11.85,second-nearest support below current price,13.81,nearest real resistance to AI target (+5.7%) — reordered (T1),14.72,second-closest real resistance to AI target (T2),,,,,
REAL,2026-07-17,4.71,46.0,84.0,83.51,5.596,9.786,14.0,36.0,61.0,23.054,7.789,16.16,27.27,56.57,19.048,12.078,0.0,7.22,48.45,,11.21,5.596,11.14,nearest pivot/Square9 support below current price,10.88,second-nearest support below current price,11.94,nearest real resistance to AI target (+5.6%) — reordered (T1),11.67,second-closest real resistance to AI target (T2),,,,,
ETHD,2026-07-17,3.449,26.0,58.0,69.0,5.573,1.065,9.0,24.0,49.0,,-2.407,7.07,12.12,53.54,,-6.153,6.19,14.43,62.89,-9.94,64.24,5.573,61.04,nearest pivot/Square9 support below current price,60.08,second-nearest support below current price,64.7,nearest real resistance to AI target (+5.6%) — reordered (T1),,no second resistance level identified,,,,76.23,extended level (Fibonacci extension / multi-rotation Square9) beyond normal T1-T3 — needed because AI target (+5.6%) exceeds all standard resistance levels for this ticker
RAY,2026-07-17,6.245,20.0,49.0,79.79,5.479,5.919,11.0,27.0,49.49,,8.437,5.05,16.16,44.44,,24.285,4.12,10.31,38.54,,2.69,5.479,2.68,nearest pivot/Square9 support below current price,,no second support level identified,2.74,nearest real resistance to AI target (+5.5%) — reordered (T1),2.72,second-closest real resistance to AI target (T2),,,,2.98,extended level (Fibonacci extension / multi-rotation Square9) beyond normal T1-T3 — needed because AI target (+5.5%) exceeds all standard resistance levels for this ticker
BULL,2026-07-17,2.615,49.0,84.0,81.0,5.465,3.181,20.0,51.0,57.58,10.121,-3.381,13.13,31.31,58.16,-20.784,2.782,5.15,12.37,43.3,,7.23,5.465,7.23,nearest pivot/Square9 support below current price,6.98,second-nearest support below current price,7.78,nearest real resistance to AI target (+5.5%) — reordered (T1),8.03,second-closest real resistance to AI target (T2),,,,,
PMN,2026-07-17,6.195,26.0,76.0,96.94,5.359,4.942,14.0,44.0,64.0,9.622,5.362,10.1,24.24,53.06,,8.008,4.12,10.31,63.92,7.904,15.19,5.359,12.95,nearest pivot/Square9 support below current price,12.6,second-nearest support below current price,16.71,nearest real resistance to AI target (+5.4%) — reordered (T1),,no second resistance level identified,,,,,
LSE,2026-07-17,4.447,25.32,69.62,88.16,5.335,3.626,8.97,53.85,71.43,4.534,4.202,11.69,32.47,64.94,5.102,4.841,,,,,4.4,5.335,4.4,no support level identified below current price — current price used,,no second support level identified,4.6,nearest real resistance to AI target (+5.3%) — reordered (T1),,no second resistance level identified,,,,4.8,extended level (Fibonacci extension / multi-rotation Square9) beyond normal T1-T3 — needed because AI target (+5.3%) exceeds all standard resistance levels for this ticker
ETU,2026-07-17,4.214,14.94,52.87,65.88,5.311,3.098,3.49,11.63,52.33,,4.052,9.41,20.0,45.88,,3.854,7.23,21.69,51.81,,4.05,5.311,4.03,nearest pivot/Square9 support below current price,,no second support level identified,4.27,nearest real resistance to AI target (+5.3%) — reordered (T1),4.33,second-closest real resistance to AI target (T2),,,,,
MB,2026-07-17,5.524,21.88,42.19,74.14,5.293,4.644,12.7,26.98,45.16,,8.985,6.45,14.52,41.94,,23.75,6.67,10.0,45.76,,4.01,5.293,4.0,nearest pivot/Square9 support below current price,3.98,second-nearest support below current price,4.04,nearest real resistance to AI target (+5.3%) — reordered (T1),4.02,second-closest real resistance to AI target (T2),,,,4.72,extended level (Fibonacci extension / multi-rotation Square9) beyond normal T1-T3 — needed because AI target (+5.3%) exceeds all standard resistance levels for this ticker
AIRO,2026-07-17,3.887,43.64,80.0,88.46,5.26,4.136,14.81,27.78,50.0,,2.985,9.43,22.64,64.15,,14.175,1.96,13.73,60.0,59.564,6.53,5.26,6.27,nearest pivot/Square9 support below current price,6.06,second-nearest support below current price,6.86,nearest real resistance to AI target (+5.3%) — reordered (T1),6.67,second-closest real resistance to AI target (T2),,,,7.44,extended level (Fibonacci extension / multi-rotation Square9) beyond normal T1-T3 — needed because AI target (+5.3%) exceeds all standard resistance levels for this ticker
ARBB,2026-07-17,5.238,40.0,66.0,73.68,5.224,6.344,22.0,34.0,62.24,6.545,7.442,10.1,25.25,53.54,,10.059,0.0,2.06,46.88,,4.35,5.224,4.3,nearest pivot/Square9 support below current price,4.27,second-nearest support below current price,4.44,nearest real resistance to AI target (+5.2%) — reordered (T1),4.42,second-closest real resistance to AI target (T2),,,,4.8,extended level (Fibonacci extension / multi-rotation Square9) beyond normal T1-T3 — needed because AI target (+5.2%) exceeds all standard resistance levels for this ticker
LFMD,2026-07-17,3.458,41.0,85.0,90.91,5.166,4.076,16.0,37.0,66.67,16.06,6.568,11.11,27.27,67.68,41.451,33.795,10.31,18.56,67.71,241.365,4.15,5.166,4.15,no support level identified below current price — current price used,,no second support level identified,4.57,nearest real resistance to AI target (+5.2%) — reordered (T1),4.64,second-closest real resistance to AI target (T2),,,,,
DXYZ,2026-07-17,4.482,21.0,65.0,78.0,5.125,6.828,9.0,32.0,53.0,,9.658,10.1,25.25,44.44,,16.805,7.22,12.37,49.48,,25.97,5.125,25.53,nearest pivot/Square9 support below current price,24.55,second-nearest support below current price,28.13,nearest real resistance to AI target (+5.1%) — reordered (T1),29.11,second-closest real resistance to AI target (T2),,,,,
CRML,2026-07-17,5.701,21.0,56.0,78.79,5.113,8.281,5.0,14.0,55.0,6.565,12.289,,,,,18.117,0.0,0.0,31.96,,6.4,5.113,6.11,nearest pivot/Square9 support below current price,5.63,second-nearest support below current price,7.19,nearest real resistance to AI target (+5.1%) — reordered (T1),7.67,second-closest real resistance to AI target (T2),,,,,
GLSI,2026-07-17,5.637,37.0,70.0,91.92,5.102,8.327,11.0,32.0,65.0,11.02,8.612,,,,,8.986,,,,,16.32,5.102,14.72,nearest pivot/Square9 support below current price,,no second support level identified,20.94,nearest real resistance to AI target (+5.1%) — reordered (T1),22.88,second-closest real resistance to AI target (T2),,,,,
NNE,2026-07-17,5.311,29.0,66.0,80.81,5.091,7.578,5.0,12.0,54.0,,7.421,,,,,18.001,,,,,16.03,5.091,15.51,nearest pivot/Square9 support below current price,14.81,second-nearest support below current price,17.17,nearest real resistance to AI target (+5.1%) — reordered (T1),18.14,second-closest real resistance to AI target (T2),,,,,
BNC,2026-07-17,3.124,30.0,76.0,86.46,5.045,6.242,13.0,36.0,61.62,11.587,3.918,8.08,20.2,50.0,,1.793,7.22,13.4,44.33,,2.93,5.045,2.87,nearest pivot/Square9 support below current price,2.79,second-nearest support below current price,3.08,nearest real resistance to AI target (+5.0%) — reordered (T1),3.01,second-closest real resistance to AI target (T2),,,,,
LVO,2026-07-17,4.88,45.0,87.0,95.96,5.022,4.016,19.0,44.0,68.0,9.921,2.726,14.14,35.35,63.92,7.67,2.083,,,,,5.29,5.022,4.66,nearest pivot/Square9 support below current price,4.46,second-nearest support below current price,5.52,nearest real resistance to AI target (+5.0%) — reordered (T1),5.72,second-closest real resistance to AI target (T2),,,,,
CRWV,2026-07-17,5.191,31.82,74.24,76.92,5.02,15.993,7.69,20.0,52.31,,12.409,12.5,29.69,60.94,31.407,30.971,12.9,24.19,69.35,71.127,73.21,5.02,71.45,nearest pivot/Square9 support below current price,70.0,second-nearest support below current price,77.08,nearest real resistance to AI target (+5.0%) — reordered (T1),74.99,second-closest real resistance to AI target (T2),,,,,
CNCK,2026-07-17,4.568,29.0,71.0,88.89,4.998,4.398,15.0,35.0,65.62,13.619,3.602,6.06,19.19,49.49,,1.469,6.19,23.71,55.79,5.688,2.88,4.998,2.81,nearest pivot/Square9 support below current price,2.76,second-nearest support below current price,2.94,nearest real resistance to AI target (+5.0%) — reordered (T1),2.9,second-closest real resistance to AI target (T2),,,,3.07,extended level (Fibonacci extension / multi-rotation Square9) beyond normal T1-T3 — needed because AI target (+5.0%) exceeds all standard resistance levels for this ticker
NVOX,2026-07-17,2.13,43.21,82.72,80.0,4.995,2.076,11.25,28.75,43.75,,0.989,13.92,24.05,30.38,,-0.146,5.19,15.58,84.42,-2.809,17.46,4.995,17.37,nearest pivot/Square9 support below current price,17.04,second-nearest support below current price,18.68,nearest real resistance to AI target (+5.0%) — reordered (T1),19.01,second-closest real resistance to AI target (T2),,,,,
LUNR,2026-07-17,4.006,28.0,65.0,84.0,4.993,-3.063,10.0,23.0,61.0,-6.351,5.85,5.05,16.16,60.61,12.682,16.406,6.19,14.43,68.04,30.552,13.52,4.993,13.08,nearest pivot/Square9 support below current price,12.73,second-nearest support below current price,14.08,nearest real resistance to AI target (+5.0%) — reordered (T1),14.72,second-closest real resistance to AI target (T2),,,,,
ZOOZ,2026-07-17,4.273,31.0,74.0,84.21,4.902,3.759,18.0,56.0,65.98,5.091,3.292,17.17,37.37,48.45,,-0.15,14.43,40.21,36.46,,4.99,4.902,4.91,nearest pivot/Square9 support below current price,4.7,second-nearest support below current price,5.31,nearest real resistance to AI target (+4.9%) — reordered (T1),5.52,second-closest real resistance to AI target (T2),,,,,
IONQ,2026-07-17,3.85,43.0,79.0,85.0,4.898,0.437,4.0,17.0,66.0,0.654,-16.721,9.09,22.22,65.66,-26.835,-10.254,5.15,21.65,73.2,-13.446,34.78,4.898,34.1,nearest pivot/Square9 support below current price,33.1,second-nearest support below current price,36.67,nearest real resistance to AI target (+4.9%) — reordered (T1),38.24,second-closest real resistance to AI target (T2),,,,,
QS,2026-07-17,3.596,41.0,87.0,80.61,4.818,3.802,23.0,52.0,66.0,7.057,4.907,13.13,32.32,59.18,9.881,4.966,5.15,16.49,45.83,,5.86,4.818,5.67,nearest pivot/Square9 support below current price,5.44,second-nearest support below current price,6.23,nearest real resistance to AI target (+4.8%) — reordered (T1),6.56,second-closest real resistance to AI target (T2),,,,,
DTCX,2026-07-17,4.764,29.0,74.0,95.83,4.791,5.821,14.0,37.0,71.0,11.674,6.634,11.11,24.24,60.82,21.628,7.138,7.22,14.43,46.81,,2.16,4.791,2.02,nearest pivot/Square9 support below current price,1.97,second-nearest support below current price,2.26,nearest real resistance to AI target (+4.8%) — reordered (T1),2.21,second-closest real resistance to AI target (T2),,,,2.3,extended level (Fibonacci extension / multi-rotation Square9) beyond normal T1-T3 — needed because AI target (+4.8%) exceeds all standard resistance levels for this ticker
INKT,2026-07-17,4.673,40.0,74.0,85.0,4.728,4.495,17.0,37.0,63.0,3.118,3.895,15.15,36.36,48.98,,4.621,7.22,22.68,53.61,,10.66,4.728,10.65,nearest pivot/Square9 support below current price,10.49,second-nearest support below current price,11.11,nearest real resistance to AI target (+4.7%) — reordered (T1),11.42,second-closest real resistance to AI target (T2),,,,,
SPAI,2026-07-17,5.489,33.68,76.84,89.47,4.683,11.564,8.51,31.91,58.51,15.331,20.524,8.6,16.13,51.61,,31.775,4.4,10.99,68.13,31.654,3.89,4.683,3.7,nearest pivot/Square9 support below current price,3.58,second-nearest support below current price,4.04,nearest real resistance to AI target (+4.7%) — reordered (T1),3.93,second-closest real resistance to AI target (T2),,,,4.06,extended level (Fibonacci extension / multi-rotation Square9) beyond normal T1-T3 — needed because AI target (+4.7%) exceeds all standard resistance levels for this ticker
AKA,2026-07-17,2.997,42.0,81.0,80.0,4.667,2.472,16.0,46.0,64.65,2.96,1.97,12.12,28.28,46.46,,-4.129,5.15,14.43,48.45,,11.01,4.667,10.7,nearest pivot/Square9 support below current price,10.62,second-nearest support below current price,12.11,nearest real resistance to AI target (+4.7%) — reordered (T1),,no second resistance level identified,,,,,
TOYO,2026-07-17,4.582,35.0,76.0,89.9,4.63,5.548,13.0,25.0,61.62,30.558,4.706,8.08,20.2,61.62,39.096,-5.227,3.09,8.25,44.33,,5.22,4.63,4.99,nearest pivot/Square9 support below current price,4.76,second-nearest support below current price,5.56,nearest real resistance to AI target (+4.6%) — reordered (T1),5.91,second-closest real resistance to AI target (T2),,,,,
MBX,2026-07-17,4.544,36.96,83.7,86.96,4.601,7.579,14.13,26.09,71.74,14.283,9.805,6.59,18.68,65.93,27.919,-1.419,5.62,17.98,65.17,-3.644,62.92,4.601,56.72,nearest pivot/Square9 support below current price,55.13,second-nearest support below current price,64.46,nearest real resistance to AI target (+4.6%) — reordered (T1),,no second resistance level identified,,,,70.37,extended level (Fibonacci extension / multi-rotation Square9) beyond normal T1-T3 — needed because AI target (+4.6%) exceeds all standard resistance levels for this ticker
REBN,2026-07-17,3.986,33.0,71.0,88.42,4.582,4.431,15.0,36.0,61.0,7.406,7.761,12.12,30.3,59.18,14.462,6.008,5.15,15.46,52.58,,1.38,4.582,1.36,nearest pivot/Square9 support below current price,1.33,second-nearest support below current price,1.43,nearest real resistance to AI target (+4.6%) — reordered (T1),1.48,second-closest real resistance to AI target (T2),,,,,
NNNN,2026-07-17,7.146,21.13,61.97,95.77,4.579,8.848,12.86,24.29,60.0,8.659,12.898,8.7,18.84,47.83,,26.645,8.96,19.4,52.24,,9.49,4.579,8.86,nearest pivot/Square9 support below current price,8.13,second-nearest support below current price,10.61,nearest real resistance to AI target (+4.6%) — reordered (T1),11.63,second-closest real resistance to AI target (T2),,,,,
ANRO,2026-07-17,4.214,42.0,87.0,88.89,4.545,6.328,13.0,35.0,70.0,14.077,8.788,12.12,24.24,64.65,25.408,5.739,6.19,19.59,74.23,12.22,27.54,4.545,26.5,nearest pivot/Square9 support below current price,25.67,second-nearest support below current price,28.36,nearest real resistance to AI target (+4.5%) — reordered (T1),29.39,second-closest real resistance to AI target (T2),,,,,
PRME,2026-07-17,4.142,42.0,85.0,90.53,4.533,4.497,12.0,32.0,62.0,9.761,4.967,9.09,14.14,53.06,,23.203,12.37,26.8,62.89,57.878,3.13,4.533,3.11,nearest pivot/Square9 support below current price,3.0,second-nearest support below current price,3.39,nearest real resistance to AI target (+4.5%) — reordered (T1),3.56,second-closest real resistance to AI target (T2),,,,,
KC,2026-07-17,2.987,28.0,67.0,60.0,4.507,5.029,8.0,29.0,51.0,,8.765,7.07,19.19,46.46,,9.699,12.37,24.74,44.33,,9.54,4.507,9.38,nearest pivot/Square9 support below current price,,no second support level identified,10.38,nearest real resistance to AI target (+4.5%) — reordered (T1),10.71,second-closest real resistance to AI target (T2),,,,,
COIW,2026-07-17,2.614,29.58,77.46,70.42,4.492,0.326,10.0,37.14,50.0,,-2.325,18.84,28.99,59.42,-3.706,-11.789,10.45,19.4,68.66,-103.565,8.5,4.492,8.48,nearest pivot/Square9 support below current price,8.26,second-nearest support below current price,8.98,nearest real resistance to AI target (+4.5%) — reordered (T1),9.2,second-closest real resistance to AI target (T2),,,,,
GLXY,2026-07-17,3.743,27.12,86.44,83.05,4.491,8.717,15.52,43.1,65.52,16.557,19.968,12.28,31.58,56.14,40.943,16.872,9.09,23.64,81.82,26.211,21.63,4.491,21.17,nearest pivot/Square9 support below current price,20.09,second-nearest support below current price,23.4,nearest real resistance to AI target (+4.5%) — reordered (T1),24.48,second-closest real resistance to AI target (T2),,,,,
MKDW,2026-07-17,3.654,16.0,53.0,90.62,4.46,6.117,22.0,45.0,78.79,56.909,6.035,11.11,23.23,17.35,,6.117,,,,,11.16,4.46,10.92,nearest pivot/Square9 support below current price,10.46,second-nearest support below current price,11.7,nearest real resistance to AI target (+4.5%) — reordered (T1),12.02,second-closest real resistance to AI target (T2),,,,,
DUOT,2026-07-17,4.339,38.0,88.0,87.76,4.46,1.868,14.0,35.0,58.0,3.851,-10.918,9.09,17.17,53.06,,-14.067,3.09,11.34,71.13,-31.94,8.21,4.46,8.02,nearest pivot/Square9 support below current price,7.71,second-nearest support below current price,8.77,nearest real resistance to AI target (+4.5%) — reordered (T1),9.08,second-closest real resistance to AI target (T2),,,,,
NMAX,2026-07-17,3.322,53.85,87.69,90.77,4.444,1.436,,,,,13.643,,,,,9.732,,,,,8.36,4.444,8.22,nearest pivot/Square9 support below current price,8.08,second-nearest support below current price,8.8,nearest real resistance to AI target (+4.4%) — reordered (T1),8.66,second-closest real resistance to AI target (T2),,,,,
CRCL,2026-07-17,2.964,26.79,76.79,69.64,4.428,3.881,12.73,27.27,43.64,,5.733,16.67,25.93,53.7,,5.672,0.0,0.0,42.31,,60.46,4.428,59.03,nearest pivot/Square9 support below current price,57.43,second-nearest support below current price,63.57,nearest real resistance to AI target (+4.4%) — reordered (T1),66.51,second-closest real resistance to AI target (T2),,,,,
BMR,2026-07-17,4.004,49.0,84.0,85.26,4.376,4.813,22.0,50.0,58.59,12.36,2.938,11.11,26.26,42.86,,24.778,13.4,25.77,62.11,70.872,1.23,4.376,1.06,nearest pivot/Square9 support below current price,0.91,second-nearest support below current price,1.36,nearest real resistance to AI target (+4.4%) — reordered (T1),1.52,second-closest real resistance to AI target (T2),,,,,
NMTC,2026-07-17,4.884,42.0,88.0,94.68,4.304,5.126,12.0,28.0,54.17,,4.958,,,,,4.917,,,,,2.34,4.304,2.31,nearest pivot/Square9 support below current price,2.25,second-nearest support below current price,2.49,nearest real resistance to AI target (+4.3%) — reordered (T1),2.61,second-closest real resistance to AI target (T2),,,,,
RXRX,2026-07-17,4.06,42.0,88.0,84.38,4.299,3.996,16.0,41.0,58.16,9.393,4.776,9.09,28.28,49.49,,4.249,10.31,34.02,60.42,17.655,2.94,4.299,2.91,nearest pivot/Square9 support below current price,2.79,second-nearest support below current price,3.2,nearest real resistance to AI target (+4.3%) — reordered (T1),3.38,second-closest real resistance to AI target (T2),,,,,
ATLX,2026-07-17,4.317,41.0,85.0,88.66,4.202,3.881,11.0,20.0,55.0,6.22,3.259,10.1,24.24,57.58,3.446,5.715,,,,,3.04,4.202,2.98,nearest pivot/Square9 support below current price,2.9,second-nearest support below current price,3.17,nearest real resistance to AI target (+4.2%) — reordered (T1),3.28,second-closest real resistance to AI target (T2),,,,,
BTCZ,2026-07-17,2.655,28.0,76.0,71.0,4.181,2.16,13.0,33.0,51.0,,1.842,7.07,20.2,56.57,3.513,0.924,3.09,12.37,56.7,1.547,5.47,4.181,5.38,nearest pivot/Square9 support below current price,5.3,second-nearest support below current price,5.6,nearest real resistance to AI target (+4.2%) — reordered (T1),5.53,second-closest real resistance to AI target (T2),,,,6.13,extended level (Fibonacci extension / multi-rotation Square9) beyond normal T1-T3 — needed because AI target (+4.2%) exceeds all standard resistance levels for this ticker
JFB,2026-07-17,7.015,13.04,52.17,97.01,4.158,9.885,10.29,19.12,55.88,7.114,11.341,4.48,16.42,44.78,,17.913,0.0,0.0,26.15,,3.96,4.158,3.96,no support level identified below current price — current price used,,no second support level identified,4.69,nearest real resistance to AI target (+4.2%) — reordered (T1),4.91,second-closest real resistance to AI target (T2),,,,,
LYEL,2026-07-17,4.727,41.0,86.0,91.0,4.108,4.708,9.0,23.0,58.0,6.567,4.495,12.12,22.22,46.46,,3.861,5.15,9.28,35.05,,13.32,4.108,13.29,nearest pivot/Square9 support below current price,12.68,second-nearest support below current price,14.45,nearest real resistance to AI target (+4.1%) — reordered (T1),15.0,second-closest real resistance to AI target (T2),,,,,
LRE,2026-07-17,4.597,33.0,80.0,77.65,4.071,4.066,11.0,42.0,66.67,2.919,3.707,19.19,55.56,69.47,3.198,3.563,22.68,48.45,64.84,3.664,1.38,4.071,1.32,nearest pivot/Square9 support below current price,1.29,second-nearest support below current price,1.42,nearest real resistance to AI target (+4.1%) — reordered (T1),1.39,second-closest real resistance to AI target (T2),,,,1.44,extended level (Fibonacci extension / multi-rotation Square9) beyond normal T1-T3 — needed because AI target (+4.1%) exceeds all standard resistance levels for this ticker
BGLC,2026-07-17,6.052,14.0,44.0,71.74,4.049,6.246,7.0,20.0,50.0,,5.289,12.12,30.3,46.94,,4.087,11.34,22.68,65.98,2.469,1.66,4.049,1.63,nearest pivot/Square9 support below current price,1.6,second-nearest support below current price,1.72,nearest real resistance to AI target (+4.0%) — reordered (T1),1.69,second-closest real resistance to AI target (T2),,,,1.84,extended level (Fibonacci extension / multi-rotation Square9) beyond normal T1-T3 — needed because AI target (+4.0%) exceeds all standard resistance levels for this ticker
UNCY,2026-07-17,4.334,43.0,94.0,92.93,4.035,1.584,20.0,46.0,69.7,2.063,-10.176,18.18,41.41,65.66,-12.873,7.825,8.25,28.87,62.89,7.579,5.38,4.035,4.92,nearest pivot/Square9 support below current price,4.8,second-nearest support below current price,5.41,nearest real resistance to AI target (+4.0%) — reordered (T1),,no second resistance level identified,,,,5.51,extended level (Fibonacci extension / multi-rotation Square9) beyond normal T1-T3 — needed because AI target (+4.0%) exceeds all standard resistance levels for this ticker
SANA,2026-07-17,4.746,34.0,86.0,88.89,4.005,4.545,20.0,40.0,60.0,6.628,7.067,9.09,22.22,65.66,4.5,16.398,10.31,20.62,73.2,12.967,3.15,4.005,3.01,nearest pivot/Square9 support below current price,2.85,second-nearest support below current price,3.43,nearest real resistance to AI target (+4.0%) — reordered (T1),3.69,second-closest real resistance to AI target (T2),,,,,
PONY,2026-07-17,3.453,34.15,79.27,70.73,3.988,3.149,11.11,33.33,51.85,,-0.337,1.25,8.75,30.38,,-14.123,11.54,20.51,30.77,,6.66,3.988,6.66,no support level identified below current price — current price used,,no second support level identified,7.12,nearest real resistance to AI target (+4.0%) — reordered (T1),7.25,second-closest real resistance to AI target (T2),,,,,
URAA,2026-07-17,3.08,36.0,75.0,74.0,3.973,4.734,17.0,36.0,56.0,7.977,4.824,12.12,26.26,54.55,,6.172,1.03,4.12,26.8,,20.02,3.973,19.76,nearest pivot/Square9 support below current price,19.21,second-nearest support below current price,21.21,nearest real resistance to AI target (+4.0%) — reordered (T1),22.11,second-closest real resistance to AI target (T2),,,,,
GRAL,2026-07-17,4.021,32.0,86.0,88.0,3.87,5.943,19.0,43.0,70.0,7.371,8.659,22.22,40.4,71.72,10.309,15.404,7.22,21.65,65.98,21.269,72.62,3.87,69.47,nearest pivot/Square9 support below current price,66.98,second-nearest support below current price,74.8,nearest real resistance to AI target (+3.9%) — reordered (T1),77.65,second-closest real resistance to AI target (T2),,,,,
UPST,2026-07-17,3.433,55.0,86.0,85.0,3.87,4.188,21.0,47.0,62.0,7.675,4.841,10.1,31.31,58.16,11.103,6.355,13.4,29.9,59.79,13.387,29.51,3.87,29.38,nearest pivot/Square9 support below current price,28.45,second-nearest support below current price,31.81,nearest real resistance to AI target (+3.9%) — reordered (T1),32.75,second-closest real resistance to AI target (T2),,,,,
JMIA,2026-07-17,3.35,48.0,89.0,83.0,3.868,1.581,14.0,38.0,51.02,,3.177,14.14,29.29,45.92,,4.991,13.4,28.87,46.39,,6.5,3.868,6.3,nearest pivot/Square9 support below current price,6.09,second-nearest support below current price,6.8,nearest real resistance to AI target (+3.9%) — reordered (T1),7.09,second-closest real resistance to AI target (T2),,,,,
KYTX,2026-07-17,4.538,45.0,86.0,93.94,3.865,4.628,12.0,33.0,73.47,3.75,6.894,14.14,29.29,57.58,12.006,12.465,13.4,28.87,72.63,22.793,7.45,3.865,7.23,nearest pivot/Square9 support below current price,7.03,second-nearest support below current price,7.7,nearest real resistance to AI target (+3.9%) — reordered (T1),7.97,second-closest real resistance to AI target (T2),,,,,
BCG,2026-07-17,5.354,18.0,58.0,85.11,3.845,5.61,9.0,37.0,60.64,4.351,5.944,13.13,26.26,60.61,3.515,4.377,2.06,8.25,25.26,,1.48,3.845,1.47,nearest pivot/Square9 support below current price,1.42,second-nearest support below current price,1.59,nearest real resistance to AI target (+3.8%) — reordered (T1),1.66,second-closest real resistance to AI target (T2),,,,,
SGMT,2026-07-17,4.077,33.0,82.0,84.85,3.837,7.648,13.0,41.0,64.65,17.586,7.242,9.09,29.29,62.63,19.319,3.121,11.34,30.93,60.82,8.772,7.82,3.837,7.51,nearest pivot/Square9 support below current price,7.37,second-nearest support below current price,8.08,nearest real resistance to AI target (+3.8%) — reordered (T1),7.87,second-closest real resistance to AI target (T2),,,,8.3,extended level (Fibonacci extension / multi-rotation Square9) beyond normal T1-T3 — needed because AI target (+3.8%) exceeds all standard resistance levels for this ticker
LXEO,2026-07-17,4.081,47.0,87.0,90.82,3.835,4.858,15.0,30.0,58.59,7.549,4.9,6.06,19.19,58.59,7.564,3.818,10.31,22.68,44.33,,4.69,3.835,4.36,nearest pivot/Square9 support below current price,4.16,second-nearest support below current price,4.8,nearest real resistance to AI target (+3.8%) — reordered (T1),5.04,second-closest real resistance to AI target (T2),,,,,
GDEV,2026-07-17,3.742,25.0,53.0,72.73,3.772,4.538,8.0,14.0,50.0,,4.473,10.1,17.17,39.8,,4.555,4.12,13.4,35.42,,11.76,3.772,11.7,nearest pivot/Square9 support below current price,,no second support level identified,12.94,nearest real resistance to AI target (+3.8%) — reordered (T1),,no second resistance level identified,,,,,
XXRP,2026-07-17,2.241,34.38,54.69,57.81,3.718,-0.512,7.94,23.81,46.03,,4.578,12.9,27.42,69.35,18.022,-3.198,13.33,20.0,70.0,-10.775,22.1,3.718,21.9,nearest pivot/Square9 support below current price,21.36,second-nearest support below current price,23.13,nearest real resistance to AI target (+3.7%) — reordered (T1),23.82,second-closest real resistance to AI target (T2),,,,,
WRD,2026-07-17,2.991,55.81,90.7,80.95,3.708,5.705,26.74,51.16,61.18,13.47,2.862,11.76,30.59,50.59,,1.741,9.64,27.71,43.37,,5.98,3.708,5.88,nearest pivot/Square9 support below current price,5.77,second-nearest support below current price,6.27,nearest real resistance to AI target (+3.7%) — reordered (T1),6.38,second-closest real resistance to AI target (T2),,,,,
ZBIO,2026-07-17,4.533,38.04,86.96,92.31,3.704,5.43,19.57,34.78,60.87,8.726,7.187,8.79,24.18,54.95,,8.249,3.37,10.11,42.7,,29.53,3.704,27.31,nearest pivot/Square9 support below current price,26.39,second-nearest support below current price,30.51,nearest real resistance to AI target (+3.7%) — reordered (T1),31.43,second-closest real resistance to AI target (T2),,,,,
IMRX,2026-07-17,4.959,32.0,84.0,90.91,3.7,7.47,13.0,46.0,70.0,7.277,6.112,9.09,22.22,46.94,,4.717,8.25,24.74,60.82,3.753,4.64,3.7,4.63,nearest pivot/Square9 support below current price,4.49,second-nearest support below current price,5.04,nearest real resistance to AI target (+3.7%) — reordered (T1),5.31,second-closest real resistance to AI target (T2),,,,,
AFRM,2026-07-17,2.871,57.0,94.0,85.86,3.688,4.235,17.0,46.0,70.0,9.135,5.802,15.15,42.42,75.76,13.301,5.371,11.34,24.74,69.07,12.456,76.07,3.688,74.71,nearest pivot/Square9 support below current price,,no second support level identified,82.2,nearest real resistance to AI target (+3.7%) — reordered (T1),84.56,second-closest real resistance to AI target (T2),,,,,
GCT,2026-07-17,2.911,48.0,93.0,82.0,3.686,3.155,21.0,55.0,66.0,6.804,2.53,16.16,40.4,62.63,5.87,9.37,9.28,19.59,59.79,40.016,38.01,3.686,37.48,nearest pivot/Square9 support below current price,36.55,second-nearest support below current price,39.48,nearest real resistance to AI target (+3.7%) — reordered (T1),38.95,second-closest real resistance to AI target (T2),,,,,
GLUE,2026-07-17,3.623,49.0,93.0,90.0,3.658,5.26,19.0,39.0,68.0,6.918,4.24,9.09,17.17,59.6,5.907,11.881,11.34,19.59,57.29,14.807,24.56,3.658,22.72,nearest pivot/Square9 support below current price,22.28,second-nearest support below current price,27.02,nearest real resistance to AI target (+3.7%) — reordered (T1),,no second resistance level identified,,,,,
ENVX,2026-07-17,3.123,37.0,83.0,85.86,3.648,3.444,17.0,41.0,64.65,9.68,3.023,14.14,29.29,56.12,13.481,1.723,5.15,9.28,52.58,,4.72,3.648,4.5,nearest pivot/Square9 support below current price,4.31,second-nearest support below current price,4.96,nearest real resistance to AI target (+3.6%) — reordered (T1),5.23,second-closest real resistance to AI target (T2),,,,,
SPHL,2026-07-17,9.843,10.34,21.84,80.0,3.64,11.69,5.75,14.94,62.79,16.505,13.876,5.81,19.77,61.18,28.813,11.197,7.14,14.29,71.08,13.328,2.61,3.64,2.57,nearest pivot/Square9 support below current price,2.51,second-nearest support below current price,2.72,nearest real resistance to AI target (+3.6%) — reordered (T1),2.81,second-closest real resistance to AI target (T2),,,,,
RZLV,2026-07-17,3.943,22.0,63.0,79.38,3.575,7.011,14.0,31.0,62.24,10.2,7.749,9.09,29.29,65.31,9.433,9.607,1.03,12.37,71.88,5.537,2.31,3.575,2.27,nearest pivot/Square9 support below current price,2.23,second-nearest support below current price,2.41,nearest real resistance to AI target (+3.6%) — reordered (T1),2.45,second-closest real resistance to AI target (T2),,,,,
MFI,2026-07-17,2.986,18.0,55.0,76.92,3.52,2.86,11.0,20.0,52.04,,2.113,15.15,28.28,51.52,,21.275,2.06,2.06,39.18,,8.3,3.52,8.0,nearest pivot/Square9 support below current price,7.7,second-nearest support below current price,8.6,nearest real resistance to AI target (+3.5%) — reordered (T1),8.9,second-closest real resistance to AI target (T2),,,,,
NB,2026-07-17,4.108,30.0,71.0,77.0,3.484,6.871,15.0,29.0,56.57,6.103,9.225,5.05,14.14,38.78,,12.479,3.09,6.19,40.21,,4.26,3.484,4.26,nearest pivot/Square9 support below current price,4.15,second-nearest support below current price,4.57,nearest real resistance to AI target (+3.5%) — reordered (T1),4.76,second-closest real resistance to AI target (T2),,,,,
LCFY,2026-07-17,5.439,26.0,54.0,79.35,3.448,38.53,13.0,35.0,56.57,38.522,39.771,13.13,30.3,42.86,,6.014,10.31,17.53,39.18,,2.53,3.448,2.49,nearest pivot/Square9 support below current price,,no second support level identified,2.97,nearest real resistance to AI target (+3.4%) — reordered (T1),3.13,second-closest real resistance to AI target (T2),,,,,
FULC,2026-07-17,3.722,46.0,91.0,88.78,3.437,1.805,18.0,45.0,56.57,2.347,2.246,10.1,26.26,41.41,,8.454,5.15,12.37,29.17,,3.65,3.437,3.37,nearest pivot/Square9 support below current price,3.25,second-nearest support below current price,3.7,nearest real resistance to AI target (+3.4%) — reordered (T1),3.9,second-closest real resistance to AI target (T2),,,,,
AFJK,2026-07-17,7.045,8.0,31.0,78.65,3.404,9.283,4.0,15.0,52.53,,47.63,2.02,5.05,37.37,,78.85,,,,,12.0,3.404,11.6,nearest pivot/Square9 support below current price,11.21,second-nearest support below current price,12.59,nearest real resistance to AI target (+3.4%) — reordered (T1),13.19,second-closest real resistance to AI target (T2),,,,,
HERE,2026-07-17,3.489,32.0,80.0,84.54,3.375,5.936,11.0,24.0,47.47,,7.952,4.04,15.15,38.54,,10.685,4.12,10.31,25.0,,1.89,3.375,1.68,nearest pivot/Square9 support below current price,1.53,second-nearest support below current price,1.97,nearest real resistance to AI target (+3.4%) — reordered (T1),2.11,second-closest real resistance to AI target (T2),,,,,
SPPL,2026-07-17,4.882,17.0,54.0,94.62,3.371,14.845,17.0,26.0,69.0,12.038,12.775,10.1,23.23,63.27,18.0,15.839,5.15,17.53,63.54,8.458,3.19,3.371,3.17,nearest pivot/Square9 support below current price,3.11,second-nearest support below current price,3.33,nearest real resistance to AI target (+3.4%) — reordered (T1),3.43,second-closest real resistance to AI target (T2),,,,,
BTCL,2026-07-17,1.923,30.0,66.0,62.0,3.363,2.413,14.0,28.0,56.0,8.062,2.435,12.12,27.27,58.59,9.528,1.945,11.34,22.68,50.52,,12.52,3.363,12.42,nearest pivot/Square9 support below current price,12.29,second-nearest support below current price,12.94,nearest real resistance to AI target (+3.4%) — reordered (T1),12.75,second-closest real resistance to AI target (T2),,,,13.46,extended level (Fibonacci extension / multi-rotation Square9) beyond normal T1-T3 — needed because AI target (+3.4%) exceeds all standard resistance levels for this ticker
MENS,2026-07-17,5.531,5.45,34.55,95.92,3.349,8.732,9.26,27.78,67.92,8.892,6.41,7.55,13.21,53.85,,2.837,1.96,1.96,47.06,,2.26,3.349,2.23,nearest pivot/Square9 support below current price,2.16,second-nearest support below current price,2.35,nearest real resistance to AI target (+3.3%) — reordered (T1),2.41,second-closest real resistance to AI target (T2),,,,,
FUFU,2026-07-17,2.739,40.0,79.0,88.78,3.254,3.179,15.0,38.0,56.12,9.884,2.596,8.08,14.14,46.94,,3.295,6.19,19.59,34.38,,1.4,3.254,1.38,nearest pivot/Square9 support below current price,1.34,second-nearest support below current price,1.47,nearest real resistance to AI target (+3.3%) — reordered (T1),1.51,second-closest real resistance to AI target (T2),,,,,
PSIX,2026-07-17,4.612,29.0,70.0,81.82,3.184,6.602,7.0,20.0,57.0,8.04,8.359,8.08,14.14,42.42,,41.195,3.09,6.19,40.21,,30.25,3.184,29.93,nearest pivot/Square9 support below current price,28.67,second-nearest support below current price,33.03,nearest real resistance to AI target (+3.2%) — reordered (T1),34.29,second-closest real resistance to AI target (T2),,,,,
TEM,2026-07-17,3.971,30.0,73.0,79.0,3.182,4.853,16.0,38.0,59.0,6.878,8.001,6.06,20.2,57.58,10.519,5.049,9.28,19.59,53.61,,52.47,3.182,51.5,nearest pivot/Square9 support below current price,49.42,second-nearest support below current price,56.81,nearest real resistance to AI target (+3.2%) — reordered (T1),60.03,second-closest real resistance to AI target (T2),,,,,
PEPG,2026-07-17,5.061,23.0,61.0,92.71,3.121,5.907,12.0,30.0,54.55,,8.208,8.08,16.16,51.02,,42.834,6.19,15.46,44.21,,2.25,3.121,2.18,nearest pivot/Square9 support below current price,2.1,second-nearest support below current price,2.36,nearest real resistance to AI target (+3.1%) — reordered (T1),2.46,second-closest real resistance to AI target (T2),,,,,
BLIV,2026-07-17,1.025,36.92,67.69,62.5,3.111,-1.733,26.56,54.69,65.57,-5.921,-2.025,23.81,57.14,55.74,-5.035,-1.254,19.67,59.02,67.92,-1.277,2.38,3.111,2.38,nearest pivot/Square9 support below current price,,no second support level identified,2.62,nearest real resistance to AI target (+3.1%) — reordered (T1),,no second resistance level identified,,,,,
SCWO,2026-07-17,6.377,6.0,26.0,94.79,3.082,6.528,13.0,33.0,60.82,8.787,5.504,9.09,25.25,55.21,10.775,4.156,8.25,17.53,48.45,,2.09,3.082,2.04,nearest pivot/Square9 support below current price,1.88,second-nearest support below current price,2.4,nearest real resistance to AI target (+3.1%) — reordered (T1),2.6,second-closest real resistance to AI target (T2),,,,,
AVR,2026-07-17,3.66,43.75,90.0,92.5,3.054,3.467,15.19,45.57,79.75,6.32,-2.715,11.54,28.21,76.92,-5.725,-6.624,9.21,23.68,84.21,-18.405,8.45,3.054,8.02,nearest pivot/Square9 support below current price,7.69,second-nearest support below current price,8.75,nearest real resistance to AI target (+3.1%) — reordered (T1),9.15,second-closest real resistance to AI target (T2),,,,,
NCEW,2026-07-17,3.319,17.72,40.51,67.16,2.97,4.768,10.26,32.05,62.34,8.407,7.231,11.69,24.68,71.05,24.322,7.626,1.33,8.0,80.0,34.103,17.1,2.97,16.25,nearest pivot/Square9 support below current price,,no second support level identified,18.81,nearest real resistance to AI target (+3.0%) — reordered (T1),,no second resistance level identified,,,,,
RAPP,2026-07-17,3.799,41.0,85.0,92.0,2.853,-0.651,20.0,48.0,71.0,-1.487,5.531,17.17,46.46,74.75,15.315,5.055,14.43,40.21,84.54,8.277,42.62,2.853,38.98,nearest pivot/Square9 support below current price,37.82,second-nearest support below current price,42.88,nearest real resistance to AI target (+2.9%) — reordered (T1),,no second resistance level identified,,,,43.33,extended level (Fibonacci extension / multi-rotation Square9) beyond normal T1-T3 — needed because AI target (+2.9%) exceeds all standard resistance levels for this ticker
HSAI,2026-07-17,2.96,36.0,80.0,69.7,2.806,2.756,13.0,36.0,50.0,,4.284,9.09,20.2,37.37,,-1.244,3.09,7.22,26.8,,15.0,2.806,15.0,no support level identified below current price — current price used,,no second support level identified,15.84,nearest real resistance to AI target (+2.8%) — reordered (T1),16.02,second-closest real resistance to AI target (T2),,,,,
IMNM,2026-07-17,3.17,60.0,96.0,92.0,2.792,2.945,21.0,53.0,67.0,4.277,2.143,9.09,37.37,60.61,3.258,1.639,5.15,19.59,45.83,,22.32,2.792,21.39,nearest pivot/Square9 support below current price,20.57,second-nearest support below current price,23.23,nearest real resistance to AI target (+2.8%) — reordered (T1),24.25,second-closest real resistance to AI target (T2),,,,,
SSII,2026-07-17,4.683,18.37,58.16,92.78,2.719,4.683,18.56,49.48,72.34,4.297,4.251,14.58,44.79,62.11,3.888,3.867,5.32,14.89,55.91,3.815,3.64,2.719,3.52,nearest pivot/Square9 support below current price,3.42,second-nearest support below current price,3.72,nearest real resistance to AI target (+2.7%) — reordered (T1),3.67,second-closest real resistance to AI target (T2),,,,4.04,extended level (Fibonacci extension / multi-rotation Square9) beyond normal T1-T3 — needed because AI target (+2.7%) exceeds all standard resistance levels for this ticker
ATHR,2026-07-17,2.434,23.44,68.75,84.13,2.692,0.608,14.29,44.44,69.84,3.452,2.582,,,,,8.093,0.0,6.67,38.33,,4.35,2.692,4.35,no support level identified below current price — current price used,,no second support level identified,4.49,nearest real resistance to AI target (+2.7%) — reordered (T1),4.5,second-closest real resistance to AI target (T2),,,,,
ENGN,2026-07-17,5.054,25.0,66.0,91.84,2.656,4.151,17.0,43.0,68.0,4.901,15.985,18.18,33.33,62.63,21.15,27.3,12.37,28.87,54.64,,1.82,2.656,1.81,nearest pivot/Square9 support below current price,1.78,second-nearest support below current price,1.96,nearest real resistance to AI target (+2.7%) — reordered (T1),1.99,second-closest real resistance to AI target (T2),,,,,
BTBD,2026-07-17,4.66,24.0,60.0,84.38,2.617,4.509,16.0,51.0,64.29,13.429,17.328,12.12,30.3,60.42,36.563,24.728,5.15,18.56,67.37,152.803,1.11,2.617,1.09,nearest pivot/Square9 support below current price,1.08,second-nearest support below current price,1.16,nearest real resistance to AI target (+2.6%) — reordered (T1),1.17,second-closest real resistance to AI target (T2),,,,,
ATGL,2026-07-17,2.068,15.0,32.0,64.94,2.597,5.018,3.0,15.0,52.08,,11.736,1.01,6.06,38.54,,23.828,1.03,2.06,31.25,,9.91,2.597,9.59,nearest pivot/Square9 support below current price,9.48,second-nearest support below current price,10.21,nearest real resistance to AI target (+2.6%) — reordered (T1),10.1,second-closest real resistance to AI target (T2),,,,,
RHLD,2026-07-17,3.635,38.57,91.43,92.86,2.589,4.395,17.14,37.14,60.0,5.633,9.689,11.59,36.23,60.87,9.409,13.685,5.97,14.93,47.76,,133.27,2.589,131.68,nearest pivot/Square9 support below current price,128.83,second-nearest support below current price,137.69,nearest real resistance to AI target (+2.6%) — reordered (T1),140.85,second-closest real resistance to AI target (T2),,,,,
DTST,2026-07-17,2.144,57.0,93.0,93.75,2.509,3.822,36.0,60.0,72.73,4.833,6.793,22.22,57.58,71.13,7.899,2.914,17.53,29.9,50.53,,3.34,2.509,3.26,nearest pivot/Square9 support below current price,3.18,second-nearest support below current price,3.47,nearest real resistance to AI target (+2.5%) — reordered (T1),3.6,second-closest real resistance to AI target (T2),,,,,
FIEE,2026-07-17,2.977,20.0,56.0,79.57,2.494,0.423,9.0,19.0,53.0,,-2.016,1.01,9.09,44.9,,-14.761,3.09,5.15,47.92,,3.55,2.494,3.39,nearest pivot/Square9 support below current price,3.19,second-nearest support below current price,3.8,nearest real resistance to AI target (+2.5%) — reordered (T1),4.01,second-closest real resistance to AI target (T2),,,,,
ALMS,2026-07-17,4.629,34.0,82.0,83.84,2.448,5.672,10.0,30.0,62.63,4.853,6.436,8.08,24.24,52.53,,10.132,5.15,18.56,53.61,,28.66,2.448,26.47,nearest pivot/Square9 support below current price,25.7,second-nearest support below current price,29.52,nearest real resistance to AI target (+2.4%) — reordered (T1),30.29,second-closest real resistance to AI target (T2),,,,,
OLMA,2026-07-17,3.016,47.0,93.0,88.78,2.38,-0.747,15.0,32.0,56.0,-0.911,-1.656,13.13,19.19,41.41,,10.122,5.15,11.34,26.8,,11.47,2.38,10.63,nearest pivot/Square9 support below current price,10.2,second-nearest support below current price,11.77,nearest real resistance to AI target (+2.4%) — reordered (T1),12.48,second-closest real resistance to AI target (T2),,,,,
SERV,2026-07-17,3.551,25.0,59.0,77.78,2.312,5.727,7.0,10.0,53.06,,7.278,8.08,11.11,42.86,,7.304,,,,,5.09,2.312,4.94,nearest pivot/Square9 support below current price,4.67,second-nearest support below current price,5.55,nearest real resistance to AI target (+2.3%) — reordered (T1),5.82,second-closest real resistance to AI target (T2),,,,,
SAIH,2026-07-17,2.132,16.0,70.0,74.07,2.296,5.765,14.0,37.0,79.8,5.368,7.988,13.13,46.46,82.83,11.433,10.067,14.43,26.8,90.72,15.643,13.13,2.296,13.03,nearest pivot/Square9 support below current price,,no second support level identified,14.44,nearest real resistance to AI target (+2.3%) — reordered (T1),,no second resistance level identified,,,,,
GNLX,2026-07-17,4.288,16.0,55.0,92.63,2.182,5.658,7.0,28.0,65.31,2.721,6.979,14.14,42.42,72.45,7.451,10.0,3.09,14.43,73.96,4.238,2.87,2.182,2.79,nearest pivot/Square9 support below current price,2.75,second-nearest support below current price,2.93,nearest real resistance to AI target (+2.2%) — reordered (T1),2.88,second-closest real resistance to AI target (T2),,,,3.09,extended level (Fibonacci extension / multi-rotation Square9) beyond normal T1-T3 — needed because AI target (+2.2%) exceeds all standard resistance levels for this ticker
BRFH,2026-07-17,1.732,47.0,91.0,87.21,1.887,3.71,17.0,53.0,59.18,3.462,2.536,8.08,15.15,34.38,,-1.175,9.28,16.49,23.96,,1.85,1.887,1.76,nearest pivot/Square9 support below current price,1.71,second-nearest support below current price,1.89,nearest real resistance to AI target (+1.9%) — reordered (T1),1.97,second-closest real resistance to AI target (T2),,,,,
ILAG,2026-07-17,4.544,3.0,8.0,64.77,1.713,4.479,9.0,18.0,59.6,3.993,5.37,10.1,26.26,61.22,24.481,4.756,3.09,13.4,52.63,,3.73,1.713,3.43,nearest pivot/Square9 support below current price,3.23,second-nearest support below current price,3.78,nearest real resistance to AI target (+1.7%) — reordered (T1),3.93,second-closest real resistance to AI target (T2),,,,,
SKYT,2026-07-17,2.449,41.0,93.0,82.83,1.543,3.2,25.0,44.0,60.0,3.008,4.395,8.08,25.25,60.61,3.723,2.96,10.31,28.87,59.79,2.426,31.36,1.543,30.81,nearest pivot/Square9 support below current price,30.09,second-nearest support below current price,31.91,nearest real resistance to AI target (+1.5%) — reordered (T1),32.29,second-closest real resistance to AI target (T2),,,,,
MKZR,2026-07-17,4.286,23.0,52.0,83.33,1.284,2.797,25.0,55.0,58.59,2.484,-6.062,23.23,53.54,40.62,,-15.007,13.4,30.93,82.29,-174.359,1.67,1.284,1.65,nearest pivot/Square9 support below current price,1.63,second-nearest support below current price,1.7,nearest real resistance to AI target (+1.3%) — reordered (T1),1.73,second-closest real resistance to AI target (T2),,,,,
NTRB,2026-07-17,1.687,32.0,86.0,90.43,1.232,0.821,21.0,55.0,63.64,0.758,-5.713,18.18,40.4,48.48,,-9.605,7.22,22.68,30.93,,3.11,1.232,3.04,nearest pivot/Square9 support below current price,2.94,second-nearest support below current price,3.19,nearest real resistance to AI target (+1.2%) — reordered (T1),3.24,second-closest real resistance to AI target (T2),,,,,
RADX,2026-07-17,2.781,24.69,72.84,83.54,1.144,0.303,18.75,42.5,64.56,0.215,5.087,15.19,39.24,56.41,3.96,-2.212,12.99,24.68,48.05,,4.43,1.144,4.21,nearest pivot/Square9 support below current price,4.13,second-nearest support below current price,4.51,nearest real resistance to AI target (+1.1%) — reordered (T1),4.43,second-closest real resistance to AI target (T2),,,,,
AXG,2026-07-17,2.474,12.0,56.0,92.39,0.87,5.482,11.0,35.0,59.6,3.638,6.801,11.11,18.18,41.67,,8.684,9.28,19.59,37.11,,3.23,0.87,3.2,nearest pivot/Square9 support below current price,3.16,second-nearest support below current price,3.27,nearest real resistance to AI target (+0.9%) — reordered (T1),3.3,second-closest real resistance to AI target (T2),,,,,
ATCX,2026-07-17,3.488,,,,,-0.394,,,,,-4.962,,,,,-5.623,,,,,3.17,,2.9,nearest pivot/Square9 support below current price,2.72,second-nearest support below current price,3.38,nearest pivot/Square9 resistance above current price,3.68,second-nearest resistance above current price (T2),,,,,
ASST,2026-07-17,7.754,,,,,56.708,,,,,29.101,3.03,4.04,69.7,2.02,90.648,,,,,11.86,,11.35,nearest pivot/Square9 support below current price,11.05,second-nearest support below current price,12.22,nearest pivot/Square9 resistance above current price,12.79,second-nearest resistance above current price (T2),,,,,
JLHL,2026-07-17,14.976,,,,,21.729,,,,,19.635,5.77,11.54,67.31,83.827,34.652,0.0,0.0,68.0,217.489,9.35,,7.79,nearest pivot/Square9 support below current price,7.13,second-nearest support below current price,9.44,nearest pivot/Square9 resistance above current price,10.43,second-nearest resistance above current price (T2),,,,,
ZENA,2026-07-17,6.601,,,,,9.793,7.87,21.35,59.09,4.623,11.893,1.14,5.68,48.84,,12.788,,,,,1.48,,1.45,nearest pivot/Square9 support below current price,1.36,second-nearest support below current price,1.63,nearest pivot/Square9 resistance above current price,1.73,second-nearest resistance above current price (T2),,,,,
LHSW,2026-07-17,2.425,,,,,-9.212,,,,,10.261,11.11,23.81,49.21,,-11.375,0.0,6.56,46.67,,2.28,,2.14,nearest pivot/Square9 support below current price,1.94,second-nearest support below current price,2.51,nearest pivot/Square9 resistance above current price,2.68,second-nearest resistance above current price (T2),,,,,
HTCO,2026-07-17,8.652,,,,,9.652,10.0,21.0,56.57,48.877,12.53,6.06,10.1,48.48,,17.111,1.03,5.15,41.24,,2.98,,2.71,nearest pivot/Square9 support below current price,2.62,second-nearest support below current price,3.14,nearest pivot/Square9 resistance above current price,3.23,second-nearest resistance above current price (T2),,,,,
WXM,2026-07-17,7.925,,,,,6.639,6.25,25.0,61.29,19.787,4.478,6.35,19.05,54.1,,3.089,8.2,27.87,52.46,,3.22,,3.04,nearest pivot/Square9 support below current price,2.86,second-nearest support below current price,3.32,nearest pivot/Square9 resistance above current price,3.42,second-nearest resistance above current price (T2),,,,,
WYHG,2026-07-17,8.54,,,,,8.555,11.11,29.63,76.25,47.575,14.404,12.5,22.5,73.42,61.085,30.323,1.28,7.69,33.33,,3.8,,3.8,no support level identified below current price — current price used,,no second support level identified,4.87,nearest pivot/Square9 resistance above current price,5.11,second-nearest resistance above current price (T2),,,,,
PSIG,2026-07-17,5.499,,,,,6.488,11.11,37.37,73.2,8.112,7.762,3.06,8.16,66.33,24.307,1.992,,,,,1.24,,1.15,nearest pivot/Square9 support below current price,1.13,second-nearest support below current price,1.25,nearest pivot/Square9 resistance above current price,,no second resistance level identified,,,,,
PSNYW,2026-07-17,9.75,,,,,-2.585,,,,,-9.166,,,,,-18.806,,,,,5.25,,2.25,nearest pivot/Square9 support below current price,,no second support level identified,5.78,no resistance level identified — 10% swing target used as a reference floor,,no second resistance level identified,,,,,
PRHIZ,2026-07-15,4.23,,,,,3.643,,,,,2.999,,,,,5.031,,,,,17.5,,16.85,nearest pivot/Square9 support below current price,16.19,second-nearest support below current price,17.83,nearest pivot/Square9 resistance above current price,18.15,second-nearest resistance above current price (T2),,,,,
EUDA,2026-07-17,6.366,,,,,6.434,,,,,6.095,7.07,12.12,44.44,,12.807,5.15,7.22,39.18,,11.3,,11.3,no support level identified below current price — current price used,,no second support level identified,13.23,nearest pivot/Square9 resistance above current price,13.38,second-nearest resistance above current price (T2),,,,,
PFAI,2026-07-17,4.219,22.22,57.14,51.02,,4.017,9.68,16.13,50.0,,6.325,11.48,31.15,51.67,,7.553,0.0,1.69,44.83,,3.33,,3.29,nearest pivot/Square9 support below current price,3.21,second-nearest support below current price,3.47,nearest pivot/Square9 resistance above current price,3.55,second-nearest resistance above current price (T2),,,,,
DJT,2026-07-17,2.573,,,,,1.403,,,,,0.983,10.1,34.34,48.48,,-2.212,15.46,31.96,51.55,,9.66,,9.2,nearest pivot/Square9 support below current price,8.78,second-nearest support below current price,9.97,nearest pivot/Square9 resistance above current price,10.32,second-nearest resistance above current price (T2),,,,,
CELZ,2026-07-17,5.956,,,,,4.819,20.0,46.0,66.32,7.811,4.941,18.18,50.51,65.98,7.986,5.9,15.46,32.99,63.92,9.93,0.88,,0.82,nearest pivot/Square9 support below current price,0.77,second-nearest support below current price,0.9,nearest pivot/Square9 resistance above current price,0.94,second-nearest resistance above current price (T2),,,,,
LVWR,2026-07-17,5.493,,,,,9.188,8.0,23.0,56.57,15.336,6.729,2.02,11.11,39.39,,17.146,3.09,8.25,31.96,,0.69,,0.62,nearest pivot/Square9 support below current price,0.52,second-nearest support below current price,0.88,nearest pivot/Square9 resistance above current price,1.03,second-nearest resistance above current price (T2),,,,,
SERA,2026-07-17,4.535,,,,,3.606,7.0,21.0,67.0,2.044,-0.68,8.08,22.22,53.54,,-0.81,2.06,5.15,60.82,-0.509,2.05,,1.98,nearest pivot/Square9 support below current price,,no second support level identified,2.28,nearest pivot/Square9 resistance above current price,2.37,second-nearest resistance above current price (T2),,,,,
RDAC,2026-07-17,5.004,,,,,3.23,,,,,4.021,,,,,-6.382,,,,,5.55,,4.96,nearest pivot/Square9 support below current price,4.6,second-nearest support below current price,5.81,nearest pivot/Square9 resistance above current price,6.3,second-nearest resistance above current price (T2),,,,,
